DATE,food_total_cpi,food_at_home_cpi,food_away_cpi,ppi_processed_foods,ppi_final_demand_foods,ppi_farm_processed,import_foods,wage_leisure_hospitality_all,wage_leisure_hospitality_production,ppi_farm_products,ppi_energy,wti_crude_oil,global_food_price_index,ppi_finished_consumer_foods,ppi_food_manufacturing,philly_current_prices_paid,philly_future_prices_received,dallas_future_service_selling_prices
1913-01-01,,,,,,,,,,17.6,,,,,,,,
1913-02-01,,,,,,,,,,17.5,,,,,,,,
1913-03-01,,,,,,,,,,17.6,,,,,,,,
1913-04-01,,,,,,,,,,17.5,,,,,,,,
1913-05-01,,,,,,,,,,17.4,,,,,,,,
1913-06-01,,,,,,,,,,17.6,,,,,,,,
1913-07-01,,,,,,,,,,18.1,,,,,,,,
1913-08-01,,,,,,,,,,18.2,,,,,,,,
1913-09-01,,,,,,,,,,18.8,,,,,,,,
1913-10-01,,,,,,,,,,18.8,,,,,,,,
1913-11-01,,,,,,,,,,18.9,,,,,,,,
1913-12-01,,,,,,,,,,18.5,,,,,,,,
1914-01-01,,,,,,,,,,18.4,,,,,,,,
1914-02-01,,,,,,,,,,18.3,,,,,,,,
1914-03-01,,,,,,,,,,18.2,,,,,,,,
1914-04-01,,,,,,,,,,18.0,,,,,,,,
1914-05-01,,,,,,,,,,18.0,,,,,,,,
1914-06-01,,,,,,,,,,18.1,,,,,,,,
1914-07-01,,,,,,,,,,18.0,,,,,,,,
1914-08-01,,,,,,,,,,18.3,,,,,,,,
1914-09-01,,,,,,,,,,17.9,,,,,,,,
1914-10-01,,,,,,,,,,17.2,,,,,,,,
1914-11-01,,,,,,,,,,17.6,,,,,,,,
1914-12-01,,,,,,,,,,17.4,,,,,,,,
1915-01-01,,,,,,,,,,18.1,,,,,,,,
1915-02-01,,,,,,,,,,18.4,,,,,,,,
1915-03-01,,,,,,,,,,17.9,,,,,,,,
1915-04-01,,,,,,,,,,18.2,,,,,,,,
1915-05-01,,,,,,,,,,18.2,,,,,,,,
1915-06-01,,,,,,,,,,17.7,,,,,,,,
1915-07-01,,,,,,,,,,18.1,,,,,,,,
1915-08-01,,,,,,,,,,17.9,,,,,,,,
1915-09-01,,,,,,,,,,17.5,,,,,,,,
1915-10-01,,,,,,,,,,18.1,,,,,,,,
1915-11-01,,,,,,,,,,18.0,,,,,,,,
1915-12-01,,,,,,,,,,18.4,,,,,,,,
1916-01-01,,,,,,,,,,19.4,,,,,,,,
1916-02-01,,,,,,,,,,19.4,,,,,,,,
1916-03-01,,,,,,,,,,19.4,,,,,,,,
1916-04-01,,,,,,,,,,19.6,,,,,,,,
1916-05-01,,,,,,,,,,19.8,,,,,,,,
1916-06-01,,,,,,,,,,19.7,,,,,,,,
1916-07-01,,,,,,,,,,20.3,,,,,,,,
1916-08-01,,,,,,,,,,21.7,,,,,,,,
1916-09-01,,,,,,,,,,22.6,,,,,,,,
1916-10-01,,,,,,,,,,23.7,,,,,,,,
1916-11-01,,,,,,,,,,25.3,,,,,,,,
1916-12-01,,,,,,,,,,25.0,,,,,,,,
1917-01-01,,,,,,,,,,26.2,,,,,,,,
1917-02-01,,,,,,,,,,27.2,,,,,,,,
1917-03-01,,,,,,,,,,28.6,,,,,,,,
1917-04-01,,,,,,,,,,31.6,,,,,,,,
1917-05-01,,,,,,,,,,33.6,,,,,,,,
1917-06-01,,,,,,,,,,33.8,,,,,,,,
1917-07-01,,,,,,,,,,34.0,,,,,,,,
1917-08-01,,,,,,,,,,34.6,,,,,,,,
1917-09-01,,,,,,,,,,34.3,,,,,,,,
1917-10-01,,,,,,,,,,35.2,,,,,,,,
1917-11-01,,,,,,,,,,36.0,,,,,,,,
1917-12-01,,,,,,,,,,35.6,,,,,,,,
1918-01-01,,,,,,,,,,37.0,,,,,,,,
1918-02-01,,,,,,,,,,37.1,,,,,,,,
1918-03-01,,,,,,,,,,37.3,,,,,,,,
1918-04-01,,,,,,,,,,36.6,,,,,,,,
1918-05-01,,,,,,,,,,35.4,,,,,,,,
1918-06-01,,,,,,,,,,35.4,,,,,,,,
1918-07-01,,,,,,,,,,37.0,,,,,,,,
1918-08-01,,,,,,,,,,38.6,,,,,,,,
1918-09-01,,,,,,,,,,39.6,,,,,,,,
1918-10-01,,,,,,,,,,38.2,,,,,,,,
1918-11-01,,,,,,,,,,38.0,,,,,,,,
1918-12-01,,,,,,,,,,38.1,,,,,,,,
1919-01-01,,,,,,,,,,38.9,,,,,,,,
1919-02-01,,,,,,,,,,37.5,,,,,,,,
1919-03-01,,,,,,,,,,38.5,,,,,,,,
1919-04-01,,,,,,,,,,40.0,,,,,,,,
1919-05-01,,,,,,,,,,40.9,,,,,,,,
1919-06-01,,,,,,,,,,39.6,,,,,,,,
1919-07-01,,,,,,,,,,41.5,,,,,,,,
1919-08-01,,,,,,,,,,41.3,,,,,,,,
1919-09-01,,,,,,,,,,38.7,,,,,,,,
1919-10-01,,,,,,,,,,38.5,,,,,,,,
1919-11-01,,,,,,,,,,40.3,,,,,,,,
1919-12-01,,,,,,,,,,41.8,,,,,,,,
1920-01-01,,,,,,,,,,43.0,,,,,,,,
1920-02-01,,,,,,,,,,41.2,,,,,,,,
1920-03-01,,,,,,,,,,41.5,,,,,,,,
1920-04-01,,,,,,,,,,42.5,,,,,,,,
1920-05-01,,,,,,,,,,42.8,,,,,,,,
1920-06-01,,,,,,,,,,42.3,,,,,,,,
1920-07-01,,,,,,,,,,40.5,,,,,,,,
1920-08-01,,,,,,,,,,37.8,,,,,,,,
1920-09-01,,,,,,,,,,36.4,,,,,,,,
1920-10-01,,,,,,,,,,32.2,,,,,,,,
1920-11-01,,,,,,,,,,30.0,,,,,,,,
1920-12-01,,,,,,,,,,26.4,,,,,,,,
1921-01-01,,,,,,,,,,25.6,,,,,,,,
1921-02-01,,,,,,,,,,23.4,,,,,,,,
1921-03-01,,,,,,,,,,22.7,,,,,,,,
1921-04-01,,,,,,,,,,20.9,,,,,,,,
1921-05-01,,,,,,,,,,21.0,,,,,,,,
1921-06-01,,,,,,,,,,20.3,,,,,,,,
1921-07-01,,,,,,,,,,21.8,,,,,,,,
1921-08-01,,,,,,,,,,22.5,,,,,,,,
1921-09-01,,,,,,,,,,22.7,,,,,,,,
1921-10-01,,,,,,,,,,22.7,,,,,,,,
1921-11-01,,,,,,,,,,22.1,,,,,,,,
1921-12-01,,,,,,,,,,22.2,,,,,,,,
1922-01-01,,,,,,,,,,22.2,,,,,,,,
1922-02-01,,,,,,,,,,24.0,,,,,,,,
1922-03-01,,,,,,,,,,23.6,,,,,,,,
1922-04-01,,,,,,,,,,23.4,,,,,,,,
1922-05-01,,,,,,,,,,23.8,,,,,,,,
1922-06-01,,,,,,,,,,23.4,,,,,,,,
1922-07-01,,,,,,,,,,24.1,,,,,,,,
1922-08-01,,,,,,,,,,23.0,,,,,,,,
1922-09-01,,,,,,,,,,23.3,,,,,,,,
1922-10-01,,,,,,,,,,23.8,,,,,,,,
1922-11-01,,,,,,,,,,24.7,,,,,,,,
1922-12-01,,,,,,,,,,25.0,,,,,,,,
1923-01-01,,,,,,,,,,25.1,,,,,,,,
1923-02-01,,,,,,,,,,25.3,,,,,,,,
1923-03-01,,,,,,,,,,25.3,,,,,,,,
1923-04-01,,,,,,,,,,24.8,,,,,,,,
1923-05-01,,,,,,,,,,24.4,,,,,,,,
1923-06-01,,,,,,,,,,24.2,,,,,,,,
1923-07-01,,,,,,,,,,23.7,,,,,,,,
1923-08-01,,,,,,,,,,24.2,,,,,,,,
1923-09-01,,,,,,,,,,25.3,,,,,,,,
1923-10-01,,,,,,,,,,25.4,,,,,,,,
1923-11-01,,,,,,,,,,25.7,,,,,,,,
1923-12-01,,,,,,,,,,25.5,,,,,,,,
1924-01-01,,,,,,,,,,25.6,,,,,,,,
1924-02-01,,,,,,,,,,25.0,,,,,,,,
1924-03-01,,,,,,,,,,24.2,,,,,,,,
1924-04-01,,,,,,,,,,24.6,,,,,,,,
1924-05-01,,,,,,,,,,24.0,,,,,,,,
1924-06-01,,,,,,,,,,23.8,,,,,,,,
1924-07-01,,,,,,,,,,24.9,,,,,,,,
1924-08-01,,,,,,,,,,25.7,,,,,,,,
1924-09-01,,,,,,,,,,25.3,,,,,,,,
1924-10-01,,,,,,,,,,26.0,,,,,,,,
1924-11-01,,,,,,,,,,26.2,,,,,,,,
1924-12-01,,,,,,,,,,27.3,,,,,,,,
1925-01-01,,,,,,,,,,28.7,,,,,,,,
1925-02-01,,,,,,,,,,28.4,,,,,,,,
1925-03-01,,,,,,,,,,28.5,,,,,,,,
1925-04-01,,,,,,,,,,27.1,,,,,,,,
1925-05-01,,,,,,,,,,27.1,,,,,,,,
1925-06-01,,,,,,,,,,27.6,,,,,,,,
1925-07-01,,,,,,,,,,28.3,,,,,,,,
1925-08-01,,,,,,,,,,28.1,,,,,,,,
1925-09-01,,,,,,,,,,27.7,,,,,,,,
1925-10-01,,,,,,,,,,27.0,,,,,,,,
1925-11-01,,,,,,,,,,27.3,,,,,,,,
1925-12-01,,,,,,,,,,26.6,,,,,,,,
1926-01-01,,,,,,,,,,27.1,10.2,,,,,,,
1926-02-01,,,,,,,,,,26.5,10.2,,,,,,,
1926-03-01,,,,,,,,,,25.7,10.2,,,,,,,
1926-04-01,,,,,,,,,,26.0,10.1,,,,,,,
1926-05-01,,,,,,,,,,25.8,10.4,,,,,,,
1926-06-01,,,,,,,,,,25.5,10.4,,,,,,,
1926-07-01,,,,,,,,,,24.9,10.3,,,,,,,
1926-08-01,,,,,,,,,,24.6,10.4,,,,,,,
1926-09-01,,,,,,,,,,25.1,10.4,,,,,,,
1926-10-01,,,,,,,,,,24.7,10.4,,,,,,,
1926-11-01,,,,,,,,,,23.9,10.5,,,,,,,
1926-12-01,,,,,,,,,,24.0,10.2,,,,,,,
1927-01-01,,,,,,,,,,24.3,10.1,,,,,,,
1927-02-01,,,,,,,,,,24.1,10.0,,,,,,,
1927-03-01,,,,,,,,,,23.8,9.4,,,,,,,
1927-04-01,,,,,,,,,,23.8,9.0,,,,,,,
1927-05-01,,,,,,,,,,24.3,8.9,,,,,,,
1927-06-01,,,,,,,,,,24.3,8.9,,,,,,,
1927-07-01,,,,,,,,,,24.6,8.9,,,,,,,
1927-08-01,,,,,,,,,,25.8,8.9,,,,,,,
1927-09-01,,,,,,,,,,26.7,8.9,,,,,,,
1927-10-01,,,,,,,,,,26.5,8.9,,,,,,,
1927-11-01,,,,,,,,,,26.3,8.8,,,,,,,
1927-12-01,,,,,,,,,,26.3,8.7,,,,,,,
1928-01-01,,,,,,,,,,26.8,8.6,,,,,,,
1928-02-01,,,,,,,,,,26.4,8.6,,,,,,,
1928-03-01,,,,,,,,,,26.1,8.5,,,,,,,
1928-04-01,,,,,,,,,,27.1,8.6,,,,,,,
1928-05-01,,,,,,,,,,27.7,8.6,,,,,,,
1928-06-01,,,,,,,,,,26.9,8.7,,,,,,,
1928-07-01,,,,,,,,,,27.4,8.7,,,,,,,
1928-08-01,,,,,,,,,,27.0,8.9,,,,,,,
1928-09-01,,,,,,,,,,27.5,8.9,,,,,,,
1928-10-01,,,,,,,,,,26.1,8.9,,,,,,,
1928-11-01,,,,,,,,,,25.7,8.9,,,,,,,
1928-12-01,,,,,,,,,,26.2,8.8,,,,,,,
1929-01-01,,,,,,,,,,26.7,8.7,,,,,,,
1929-02-01,,,,,,,,,,26.6,8.6,,,,,,,
1929-03-01,,,,,,,,,,27.1,8.5,,,,,,,
1929-04-01,,,,,,,,,,26.5,8.5,,,,,,,
1929-05-01,,,,,,,,,,25.8,8.5,,,,,,,
1929-06-01,,,,,,,,,,26.1,8.7,,,,,,,
1929-07-01,,,,,,,,,,27.1,8.6,,,,,,,
1929-08-01,,,,,,,,,,27.1,8.5,,,,,,,
1929-09-01,,,,,,,,,,26.9,8.5,,,,,,,
1929-10-01,,,,,,,,,,26.2,8.6,,,,,,,
1929-11-01,,,,,,,,,,25.5,8.6,,,,,,,
1929-12-01,,,,,,,,,,25.7,8.6,,,,,,,
1930-01-01,,,,,,,,,,25.5,8.4,,,,,,,
1930-02-01,,,,,,,,,,24.7,8.4,,,,,,,
1930-03-01,,,,,,,,,,23.9,8.2,,,,,,,
1930-04-01,,,,,,,,,,24.2,8.2,,,,,,,
1930-05-01,,,,,,,,,,23.5,8.3,,,,,,,
1930-06-01,,,,,,,,,,22.5,8.2,,,,,,,
1930-07-01,,,,,,,,,,21.0,8.1,,,,,,,
1930-08-01,,,,,,,,,,21.4,8.0,,,,,,,
1930-09-01,,,,,,,,,,21.5,8.2,,,,,,,
1930-10-01,,,,,,,,,,20.8,8.0,,,,,,,
1930-11-01,,,,,,,,,,20.0,7.8,,,,,,,
1930-12-01,,,,,,,,,,19.0,7.6,,,,,,,
1931-01-01,,,,,,,,,,18.4,7.6,,,,,,,
1931-02-01,,,,,,,,,,17.7,7.5,,,,,,,
1931-03-01,,,,,,,,,,17.8,7.0,,,,,,,
1931-04-01,,,,,,,,,,17.7,6.8,,,,,,,
1931-05-01,,,,,,,,,,16.9,6.7,,,,,,,
1931-06-01,,,,,,,,,,16.5,6.5,,,,,,,
1931-07-01,,,,,,,,,,16.4,6.5,,,,,,,
1931-08-01,,,,,,,,,,16.1,6.9,,,,,,,
1931-09-01,,,,,,,,,,15.3,7.0,,,,,,,
1931-10-01,,,,,,,,,,14.8,7.0,,,,,,,
1931-11-01,,,,,,,,,,14.8,7.2,,,,,,,
1931-12-01,,,,,,,,,,14.1,7.0,,,,,,,
1932-01-01,,,,,,,,,,13.3,7.0,,,,,,,
1932-02-01,,,,,,,,,,12.8,7.0,,,,,,,
1932-03-01,,,,,,,,,,12.7,7.0,,,,,,,
1932-04-01,,,,,,,,,,12.4,7.2,,,,,,,
1932-05-01,,,,,,,,,,11.8,7.3,,,,,,,
1932-06-01,,,,,,,,,,11.6,7.4,,,,,,,
1932-07-01,,,,,,,,,,12.1,7.5,,,,,,,
1932-08-01,,,,,,,,,,12.4,7.4,,,,,,,
1932-09-01,,,,,,,,,,12.4,7.3,,,,,,,
1932-10-01,,,,,,,,,,11.8,7.3,,,,,,,
1932-11-01,,,,,,,,,,11.8,7.4,,,,,,,
1932-12-01,,,,,,,,,,11.1,7.2,,,,,,,
1933-01-01,,,,,,,,,,10.8,6.8,,,,,,,
1933-02-01,,,,,,,,,,10.3,6.6,,,,,,,
1933-03-01,,,,,,,,,,10.8,6.5,,,,,,,
1933-04-01,,,,,,,,,,11.2,6.3,,,,,,,
1933-05-01,,,,,,,,,,12.7,6.2,,,,,,,
1933-06-01,,,,,,,,,,13.4,6.3,,,,,,,
1933-07-01,,,,,,,,,,15.2,6.7,,,,,,,
1933-08-01,,,,,,,,,,14.6,6.8,,,,,,,
1933-09-01,,,,,,,,,,14.4,7.3,,,,,,,
1933-10-01,,,,,,,,,,14.1,7.6,,,,,,,
1933-11-01,,,,,,,,,,14.3,7.6,,,,,,,
1933-12-01,,,,,,,,,,14.0,7.6,,,,,,,
1934-01-01,,,,,,,,,,14.8,7.5,,,,,,,
1934-02-01,,,,,,,,,,15.5,7.5,,,,,,,
1934-03-01,,,,,,,,,,15.5,7.4,,,,,,,
1934-04-01,,,,,,,,,,15.1,7.4,,,,,,,
1934-05-01,,,,,,,,,,15.1,7.5,,,,,,,
1934-06-01,,,,,,,,,,16.0,7.5,,,,,,,
1934-07-01,,,,,,,,,,16.3,7.6,,,,,,,
1934-08-01,,,,,,,,,,17.6,7.7,,,,,,,
1934-09-01,,,,,,,,,,18.5,7.7,,,,,,,
1934-10-01,,,,,,,,,,17.8,7.7,,,,,,,
1934-11-01,,,,,,,,,,17.8,7.7,,,,,,,
1934-12-01,,,,,,,,,,18.2,7.6,,,,,,,
1935-01-01,,,,,,,,,,19.6,7.5,,,,,,,
1935-02-01,,,,,,,,,,20.0,7.5,,,,,,,
1935-03-01,,,,,,,,,,19.7,7.5,,,,,,,
1935-04-01,,,,,,,,,,20.3,7.5,,,,,,,
1935-05-01,,,,,,,,,,20.3,7.5,,,,,,,
1935-06-01,,,,,,,,,,19.8,7.7,,,,,,,
1935-07-01,,,,,,,,,,19.5,7.7,,,,,,,
1935-08-01,,,,,,,,,,20.0,7.6,,,,,,,
1935-09-01,,,,,,,,,,20.1,7.5,,,,,,,
1935-10-01,,,,,,,,,,19.7,7.6,,,,,,,
1935-11-01,,,,,,,,,,19.6,7.7,,,,,,,
1935-12-01,,,,,,,,,,19.8,7.7,,,,,,,
1936-01-01,,,,,,,,,,19.7,7.8,,,,,,,
1936-02-01,,,,,,,,,,20.1,7.8,,,,,,,
1936-03-01,,,,,,,,,,19.3,7.9,,,,,,,
1936-04-01,,,,,,,,,,19.4,7.9,,,,,,,
1936-05-01,,,,,,,,,,19.0,7.8,,,,,,,
1936-06-01,,,,,,,,,,19.7,7.8,,,,,,,
1936-07-01,,,,,,,,,,20.5,7.9,,,,,,,
1936-08-01,,,,,,,,,,21.2,7.9,,,,,,,
1936-09-01,,,,,,,,,,21.2,7.8,,,,,,,
1936-10-01,,,,,,,,,,21.2,7.9,,,,,,,
1936-11-01,,,,,,,,,,21.5,7.9,,,,,,,
1936-12-01,,,,,,,,,,22.4,7.9,,,,,,,
1937-01-01,,,,,,,,,,23.1,7.9,,,,,,,
1937-02-01,,,,,,,,,,23.1,7.9,,,,,,,
1937-03-01,,,,,,,,,,23.8,7.9,,,,,,,
1937-04-01,,,,,,,,,,23.3,7.9,,,,,,,
1937-05-01,,,,,,,,,,22.7,8.0,,,,,,,
1937-06-01,,,,,,,,,,22.3,8.0,,,,,,,
1937-07-01,,,,,,,,,,22.6,8.1,,,,,,,
1937-08-01,,,,,,,,,,21.8,8.1,,,,,,,
1937-09-01,,,,,,,,,,21.7,8.1,,,,,,,
1937-10-01,,,,,,,,,,20.3,8.1,,,,,,,
1937-11-01,,,,,,,,,,19.1,8.1,,,,,,,
1937-12-01,,,,,,,,,,18.4,8.1,,,,,,,
1938-01-01,,,,,,,,,,18.1,8.1,,,,,,,
1938-02-01,,,,,,,,,,17.6,8.1,,,,,,,
1938-03-01,,,,,,,,,,17.7,8.0,,,,,,,
1938-04-01,,,,,,,,,,17.2,7.9,,,,,,,
1938-05-01,,,,,,,,,,17.0,7.9,,,,,,,
1938-06-01,,,,,,,,,,17.3,7.9,,,,,,,
1938-07-01,,,,,,,,,,17.5,7.9,,,,,,,
1938-08-01,,,,,,,,,,17.0,7.9,,,,,,,
1938-09-01,,,,,,,,,,17.2,7.9,,,,,,,
1938-10-01,,,,,,,,,,16.8,7.8,,,,,,,
1938-11-01,,,,,,,,,,17.1,7.6,,,,,,,
1938-12-01,,,,,,,,,,17.0,7.6,,,,,,,
1939-01-01,,,,,,,,,,17.0,7.5,,,,,,,
1939-02-01,,,,,,,,,,16.9,7.5,,,,,,,
1939-03-01,,,,,,,,,,16.6,7.5,,,,,,,
1939-04-01,,,,,,,,,,16.1,7.6,,,,,,,
1939-05-01,,,,,,,,,,16.1,7.6,,,,,,,
1939-06-01,,,,,,,,,,15.7,7.5,,,,,,,
1939-07-01,,,,,,,,,,15.8,7.5,,,,,,,
1939-08-01,,,,,,,,,,15.4,7.5,,,,,,,
1939-09-01,,,,,,,,,,17.3,7.5,,,,,,,
1939-10-01,,,,,,,,,,16.9,7.6,,,,,,,
1939-11-01,,,,,,,,,,17.0,7.6,,,,,,,
1939-12-01,,,,,,,,,,17.1,7.5,,,,,,,
1940-01-01,,,,,,,,,,17.4,7.5,,,,,,,
1940-02-01,,,,,,,,,,17.3,7.5,,,,,,,
1940-03-01,,,,,,,,,,17.1,7.4,,,,,,,
1940-04-01,,,,,,,,,,17.5,7.4,,,,,,,
1940-05-01,,,,,,,,,,17.1,7.4,,,,,,,
1940-06-01,,,,,,,,,,16.7,7.4,,,,,,,
1940-07-01,,,,,,,,,,16.8,7.3,,,,,,,
1940-08-01,,,,,,,,,,16.5,7.3,,,,,,,
1940-09-01,,,,,,,,,,16.7,7.3,,,,,,,
1940-10-01,,,,,,,,,,16.8,7.4,,,,,,,
1940-11-01,,,,,,,,,,17.2,7.4,,,,,,,
1940-12-01,,,,,,,,,,17.6,7.4,,,,,,,
1941-01-01,,,,,,,,,,18.1,7.4,,,,,,,
1941-02-01,,,,,,,,,,17.7,7.4,,,,,,,
1941-03-01,,,,,,,,,,18.1,7.4,,,,,,,
1941-04-01,,,,,,,,,,18.8,7.5,,,,,,,
1941-05-01,,,,,,,,,,19.3,7.8,,,,,,,
1941-06-01,,,,,,,,,,20.7,8.0,,,,,,,
1941-07-01,,,,,,,,,,21.7,8.1,,,,,,,
1941-08-01,,,,,,,,,,22.1,8.2,,,,,,,
1941-09-01,,,,,,,,,,23.0,8.2,,,,,,,
1941-10-01,,,,,,,,,,22.7,8.2,,,,,,,
1941-11-01,,,,,,,,,,22.9,8.1,,,,,,,
1941-12-01,,,,,,,,,,23.9,8.1,,,,,,,
1942-01-01,,,,,,,,,,25.5,8.1,,,,,,,
1942-02-01,,,,,,,,,,25.6,8.0,,,,,,,
1942-03-01,,,,,,,,,,26.0,8.0,,,,,,,
1942-04-01,,,,,,,,,,26.4,8.0,,,,,,,
1942-05-01,,,,,,,,,,26.3,8.0,,,,,,,
1942-06-01,,,,,,,,,,26.3,8.1,,,,,,,
1942-07-01,,,,,,,,,,26.6,8.2,,,,,,,
1942-08-01,,,,,,,,,,26.8,8.2,,,,,,,
1942-09-01,,,,,,,,,,27.2,8.2,,,,,,,
1942-10-01,,,,,,,,,,27.5,8.2,,,,,,,
1942-11-01,,,,,,,,,,27.9,8.2,,,,,,,
1942-12-01,,,,,,,,,,28.7,8.2,,,,,,,
1943-01-01,,,,,,,,,,29.5,8.2,,,,,,,
1943-02-01,,,,,,,,,,30.0,8.2,,,,,,,
1943-03-01,,,,,,,,,,31.0,8.3,,,,,,,
1943-04-01,,,,,,,,,,31.2,8.3,,,,,,,
1943-05-01,,,,,,,,,,31.7,8.3,,,,,,,
1943-06-01,,,,,,,,,,31.9,8.4,,,,,,,
1943-07-01,,,,,,,,,,31.5,8.4,,,,,,,
1943-08-01,,,,,,,,,,31.2,8.4,,,,,,,
1943-09-01,,,,,,,,,,31.0,8.4,,,,,,,
1943-10-01,,,,,,,,,,30.9,8.4,,,,,,,
1943-11-01,,,,,,,,,,30.6,8.4,,,,,,,
1943-12-01,,,,,,,,,,30.7,8.5,,,,,,,
1944-01-01,,,,,,,,,,30.7,8.5,,,,,,,
1944-02-01,,,,,,,,,,30.9,8.6,,,,,,,
1944-03-01,,,,,,,,,,31.2,8.6,,,,,,,
1944-04-01,,,,,,,,,,31.1,8.6,,,,,,,
1944-05-01,,,,,,,,,,31.0,8.6,,,,,,,
1944-06-01,,,,,,,,,,31.5,8.6,,,,,,,
1944-07-01,,,,,,,,,,31.3,8.6,,,,,,,
1944-08-01,,,,,,,,,,30.9,8.6,,,,,,,
1944-09-01,,,,,,,,,,31.0,8.6,,,,,,,
1944-10-01,,,,,,,,,,31.2,8.6,,,,,,,
1944-11-01,,,,,,,,,,31.4,8.6,,,,,,,
1944-12-01,,,,,,,,,,31.6,8.6,,,,,,,
1945-01-01,,,,,,,,,,31.9,8.6,,,,,,,
1945-02-01,,,,,,,,,,32.1,8.6,,,,,,,
1945-03-01,,,,,,,,,,32.1,8.6,,,,,,,
1945-04-01,,,,,,,,,,32.5,8.6,,,,,,,
1945-05-01,,,,,,,,,,32.8,8.6,,,,,,,
1945-06-01,,,,,,,,,,32.9,8.7,,,,,,,
1945-07-01,,,,,,,,,,32.5,8.7,,,,,,,
1945-08-01,,,,,,,,,,32.0,8.8,,,,,,,
1945-09-01,,,,,,,,,,31.4,8.7,,,,,,,
1945-10-01,,,,,,,,,,32.1,8.7,,,,,,,
1945-11-01,,,,,,,,,,33.1,8.7,,,,,,,
1945-12-01,,,,,,,,,,33.2,8.7,,,,,,,
1946-01-01,,,,,,,,,,32.7,8.8,,,,,,,
1946-02-01,,,,,,,,,,33.0,8.8,,,,,,,
1946-03-01,,,,,,,,,,33.6,8.8,,,,,,,
1946-04-01,,,,,,,,,,34.1,8.9,,,,,,,
1946-05-01,,,,,,,,,,34.7,8.9,,,,,,,
1946-06-01,,,,,,,,,,35.4,9.1,,,,,,,
1946-07-01,,,,,,,,,,39.6,9.3,,,,,,,
1946-08-01,,,,,,,,,,40.6,9.8,,,,,,,
1946-09-01,,,,,,,,,,39.0,9.7,,,,,,,
1946-10-01,,,,,,,,,,41.7,9.7,,,,,,,
1946-11-01,,,,,,,,,,42.8,9.8,,,,,,,
1946-12-01,,,,,,,,,,42.4,9.9,,,,,,,
1947-01-01,22.8,,,31.5,,35.7,,,,41.6,10.1,,,30.7,,,,
1947-02-01,23.1,,,31.6,,36.4,,,,42.6,10.2,,,30.8,,,,
1947-03-01,23.8,,,32.9,,38.1,,,,45.5,10.5,,,31.7,,,,
1947-04-01,23.5,,,32.1,,37.0,,,,44.0,10.8,,,31.2,,,,
1947-05-01,23.4,,,31.5,,36.4,,,,43.6,10.8,,,30.8,,,,
1947-06-01,23.5,,,31.7,,36.5,,,,43.8,10.8,,,30.8,,,,
1947-07-01,23.8,,,32.3,,37.0,,,,44.3,11.2,,,31.2,,,,
1947-08-01,24.1,,,32.8,,37.5,,,,44.8,11.4,,,31.9,,,,
1947-09-01,24.8,,,34.2,,39.0,,,,46.6,11.5,,,33.1,,,,
1947-10-01,24.9,,,34.5,,39.5,,,,47.4,11.6,,,33.3,,,,
1947-11-01,25.2,,,34.9,,39.9,,,,47.7,11.9,,,33.6,,,,
1947-12-01,25.7,,,35.6,,41.3,,,,50.1,12.4,,,34.3,,,,
1948-01-01,26.1,,,36.7,,42.2,,,,51.2,12.9,,,35.1,,,,
1948-02-01,25.9,,,35.0,,40.0,,,,47.7,13.0,,,34.3,,,,
1948-03-01,25.3,,,34.9,,40.0,,,,47.6,13.0,,,34.2,,,,
1948-04-01,26.0,,,35.4,,40.6,,,,48.3,13.0,,,34.8,,,,
1948-05-01,26.3,,,35.7,,41.3,,,,49.4,13.0,,,35.1,,,,
1948-06-01,26.5,,,35.9,,41.9,,,,50.4,13.0,,,35.1,,,,
1948-07-01,26.7,,,36.1,,42.1,,,,50.2,13.2,,,35.7,,,,
1948-08-01,26.5,,,35.8,,41.9,,,,49.6,13.1,,,36.0,,,,
1948-09-01,26.3,,,35.6,,41.4,,,,48.8,13.1,,,35.8,,,,
1948-10-01,26.1,,,34.5,,39.9,,,,46.9,13.2,,,35.0,,,,
1948-11-01,25.7,,,34.1,,39.3,,,,46.3,13.2,,,34.3,,,,
1948-12-01,25.5,,,33.6,,38.5,,,,45.2,13.1,,,33.5,,,,
1949-01-01,25.4,,,32.9,,37.5,,,,43.8,13.1,,,32.9,,,,
1949-02-01,25.3,,,32.0,,36.1,,,,42.0,12.9,,,32.0,,,,
1949-03-01,25.3,,,32.1,,36.5,,,,42.7,12.7,,,32.2,,,,
1949-04-01,25.3,,,32.0,,36.3,,,,42.7,12.4,,,32.2,,,,
1949-05-01,25.2,,,31.9,,36.2,,,,42.7,12.3,,,32.2,,,,
1949-06-01,25.3,,,31.9,,35.9,,,,41.8,12.2,,,32.0,,,,
1949-07-01,24.8,,,32.1,,35.8,,,,41.7,12.2,,,32.1,,,,
1949-08-01,24.8,,,32.5,,36.0,,,,41.7,12.2,,,32.3,,,,
1949-09-01,25.0,,,32.2,,36.1,,,,41.8,12.2,,,32.4,,,,
1949-10-01,24.8,,,31.8,,35.5,,,,41.0,12.3,,,31.8,,,,
1949-11-01,24.8,,,31.6,,35.4,,,,40.9,12.3,,,31.7,,,,
1949-12-01,24.5,,,31.5,,35.0,,,,40.3,12.3,,,31.0,,,,
1950-01-01,24.3,,,31.3,,34.9,,,,40.1,12.4,,,30.7,,,,
1950-02-01,24.7,,,31.5,,35.5,,,,41.0,12.4,,,31.0,,,,
1950-03-01,24.6,,,31.7,,35.7,,,,41.7,12.4,,,31.1,,,,
1950-04-01,24.6,,,31.7,,35.6,,,,41.5,12.3,,,31.0,,,,
1950-05-01,24.8,,,32.4,,36.4,,,,42.6,12.4,,,31.4,,,,
1950-06-01,25.1,,,32.4,,36.6,,,,42.7,12.5,,,31.6,,,,
1950-07-01,25.6,,,34.2,,38.7,,,,45.3,12.6,,,33.4,,,,
1950-08-01,25.8,,,34.7,,39.5,,,,45.8,12.7,,,34.3,,,,
1950-09-01,25.8,,,34.9,,40.0,,,,46.5,12.7,,,34.8,,,,
1950-10-01,26.0,,,34.1,,39.1,,,,45.6,12.8,,,34.0,,,,
1950-11-01,26.1,,,34.2,,39.7,,,,47.1,12.9,,,34.3,,,,
1950-12-01,26.9,,,35.3,,41.0,,,,48.8,12.8,,,35.1,,,,
1951-01-01,27.6,,,36.4,,42.5,,,,50.8,13.0,,,35.7,,,,
1951-02-01,28.5,,,37.2,,44.0,,,,52.9,13.1,,,36.7,,,,
1951-03-01,28.4,,,37.0,,43.8,,,,53.1,13.1,,,36.4,,,,
1951-04-01,28.2,,,37.0,,43.8,,,,53.1,13.0,,,36.5,,,,
1951-05-01,28.3,,,37.0,,43.6,,,,52.3,13.0,,,36.8,,,,
1951-06-01,28.0,,,36.7,,43.0,,,,51.5,13.0,,,36.5,,,,
1951-07-01,27.9,,,36.6,,42.4,,,,50.2,13.0,,,36.3,,,,
1951-08-01,27.8,,,36.7,,42.4,,,,49.9,13.0,,,36.8,,,,
1951-09-01,27.9,,,36.7,,42.2,,,,49.7,13.0,,,37.0,,,,
1951-10-01,28.4,,,37.0,,42.7,,,,50.4,13.0,,,37.3,,,,
1951-11-01,28.6,,,37.0,,42.6,,,,50.6,13.0,,,37.4,,,,
1951-12-01,28.9,,,36.9,,42.4,,,,50.3,13.1,,,37.0,,,,
1952-01-01,28.9,31.2,,36.9,,42.1,,,,49.7,13.1,,,36.7,,,,
1952-02-01,28.6,30.7,,36.8,,41.5,,,,48.7,13.1,,,36.3,,,,
1952-03-01,28.5,30.7,,36.6,,41.5,,,,48.9,13.1,,,36.3,,,,
1952-04-01,28.7,30.8,,36.3,,41.4,,,,49.1,13.0,,,36.1,,,,
1952-05-01,28.7,30.8,,36.4,,41.4,,,,48.8,12.9,,,36.1,,,,
1952-06-01,28.6,30.6,,36.3,,41.3,,,,48.4,12.9,,,36.0,,,,
1952-07-01,28.9,30.8,,36.6,,42.1,,,,49.8,12.9,,,37.1,,,,
1952-08-01,28.9,30.9,,36.9,,42.1,,,,49.7,12.9,,,37.3,,,,
1952-09-01,28.7,30.8,,36.9,,41.5,,,,48.2,13.0,,,37.1,,,,
1952-10-01,28.8,30.8,,36.4,,40.8,,,,47.4,13.0,,,36.6,,,,
1952-11-01,28.8,31.2,,36.0,,40.4,,,,46.8,13.0,,,36.2,,,,
1952-12-01,28.6,30.9,,35.0,,38.9,,,,44.8,13.1,,,34.8,,,,
1953-01-01,28.4,30.6,21.4,35.2,,39.2,,,,45.0,13.1,,,34.9,,,,
1953-02-01,28.3,30.2,21.4,35.1,,38.9,,,,44.2,13.2,,,34.6,,,,
1953-03-01,28.3,30.3,21.5,34.8,,39.0,,,,45.1,13.2,,,34.3,,,,
1953-04-01,28.1,30.1,21.4,34.4,,38.3,,,,43.9,13.1,,,34.0,,,,
1953-05-01,28.2,30.1,21.4,34.8,,38.7,,,,44.2,13.1,,,34.3,,,,
1953-06-01,28.4,30.4,21.5,34.2,,38.0,,,,43.1,13.2,,,34.2,,,,
1953-07-01,28.2,30.1,21.5,34.8,,38.9,,,,44.2,13.5,,,34.7,,,,
1953-08-01,28.3,30.3,21.5,34.7,,38.5,,,,43.5,13.5,,,34.7,,,,
1953-09-01,28.4,30.4,21.6,35.2,,39.2,,,,44.3,13.5,,,35.3,,,,
1953-10-01,28.4,30.4,21.7,34.7,,38.3,,,,43.0,13.6,,,34.7,,,,
1953-11-01,28.1,30.2,21.7,34.4,,37.8,,,,42.3,13.6,,,34.2,,,,
1953-12-01,28.3,30.3,21.8,34.9,,38.1,,,,42.7,13.5,,,34.0,,,,
1954-01-01,28.5,30.5,21.8,35.5,,39.0,,,,44.2,13.5,,,34.6,,,,
1954-02-01,28.5,30.4,21.8,35.2,,38.8,,,,44.1,13.5,,,34.0,,,,
1954-03-01,28.4,30.3,21.8,35.4,,39.0,,,,44.4,13.3,,,34.0,,,,
1954-04-01,28.4,30.3,21.9,36.0,,39.3,,,,44.9,13.2,,,34.3,,,,
1954-05-01,28.4,30.4,21.9,36.2,,39.2,,,,44.2,13.2,,,34.6,,,,
1954-06-01,28.4,30.2,21.9,35.4,,38.3,,,,42.8,13.1,,,33.9,,,,
1954-07-01,28.4,30.2,22.0,35.8,,38.8,,,,43.4,13.0,,,34.9,,,,
1954-08-01,28.3,30.1,21.9,35.7,,38.7,,,,43.3,13.0,,,34.8,,,,
1954-09-01,28.0,29.8,22.0,35.3,,38.1,,,,42.3,13.0,,,34.3,,,,
1954-10-01,27.9,29.8,21.9,34.6,,37.7,,,,42.0,13.0,,,33.9,,,,
1954-11-01,27.9,29.9,21.9,34.7,,37.7,,,,42.1,13.1,,,33.9,,,,
1954-12-01,27.8,29.6,22.0,34.6,,37.0,,,,40.6,13.1,,,33.4,,,,
1955-01-01,27.8,29.6,22.0,34.7,,37.6,,,,41.8,13.2,,,33.7,,,,
1955-02-01,28.0,29.8,22.0,34.5,,37.5,,,,42.0,13.3,,,33.8,,,,
1955-03-01,28.0,29.8,22.1,34.0,,37.1,,,,41.6,13.2,,,33.2,,,,
1955-04-01,28.0,29.8,22.1,34.2,,37.6,,,,42.5,13.1,,,33.8,,,,
1955-05-01,27.9,29.6,22.1,33.9,,37.0,,,,41.2,13.0,,,33.4,,,,
1955-06-01,27.7,29.4,22.1,34.2,,37.5,,,,41.5,13.0,,,33.7,,,,
1955-07-01,27.7,29.4,22.1,34.2,,36.9,,,,40.4,13.0,,,33.5,,,,
1955-08-01,27.6,29.3,22.2,33.8,,36.4,,,,39.8,13.1,,,33.5,,,,
1955-09-01,27.8,29.5,22.2,33.6,,36.6,,,,40.4,13.2,,,33.7,,,,
1955-10-01,27.7,29.4,22.3,33.4,,35.8,,,,39.2,13.2,,,32.9,,,,
1955-11-01,27.6,29.3,22.3,32.8,,35.0,,,,38.0,13.2,,,32.7,,,,
1955-12-01,27.6,29.3,22.3,32.6,,34.7,,,,37.5,13.3,,,32.4,,,,
1956-01-01,27.5,29.1,22.3,32.7,,34.9,,,,38.0,13.5,,,32.3,,,,
1956-02-01,27.5,29.1,22.3,32.8,,35.4,,,,38.9,13.6,,,32.3,,,,
1956-03-01,27.5,29.1,22.4,32.8,,35.6,,,,39.1,13.5,,,32.4,,,,
1956-04-01,27.6,29.2,22.4,33.4,,36.0,,,,39.8,13.5,,,32.7,,,,
1956-05-01,27.8,29.4,22.5,34.2,,37.0,,,,41.1,13.5,,,33.5,,,,
1956-06-01,28.1,29.9,22.5,34.0,,37.0,,,,41.2,13.5,,,33.7,,,,
1956-07-01,28.4,30.1,22.5,33.8,,36.8,,,,40.7,13.5,,,33.7,,,,
1956-08-01,28.2,29.9,22.6,34.0,,37.0,,,,40.3,13.5,,,33.4,,,,
1956-09-01,28.2,29.9,22.7,34.3,,36.9,,,,40.7,13.5,,,34.2,,,,
1956-10-01,28.3,30.0,22.8,34.2,,36.8,,,,39.9,13.6,,,33.9,,,,
1956-11-01,28.4,30.1,22.8,34.3,,36.7,,,,39.7,13.6,,,33.9,,,,
1956-12-01,28.5,30.1,22.9,34.2,,36.8,,,,40.1,13.9,,,33.6,,,,
1957-01-01,28.4,30.1,23.0,34.6,,37.1,,,,40.4,14.2,,,33.8,,,,
1957-02-01,28.7,30.4,23.1,34.4,,36.9,,,,40.1,14.6,,,33.6,,,,
1957-03-01,28.6,30.2,23.2,34.4,,36.9,,,,40.1,14.5,,,33.4,,,,
1957-04-01,28.6,30.3,23.2,34.5,,37.3,,,,40.9,14.6,,,33.9,,,,
1957-05-01,28.7,30.4,23.3,34.5,,37.2,,,,40.4,14.5,,,34.0,,,,
1957-06-01,28.9,30.6,23.4,34.8,,37.7,,,,41.1,14.3,,,34.3,,,,
1957-07-01,29.1,30.8,23.4,35.2,,38.3,,,,41.9,14.2,,,35.0,,,,
1957-08-01,29.4,31.2,23.5,35.1,,38.3,,,,42.0,14.2,,,35.0,,,,
1957-09-01,29.2,30.9,23.6,35.0,,37.9,,,,41.1,14.2,,,34.9,,,,
1957-10-01,29.2,30.8,23.7,34.6,,37.7,,,,41.3,14.1,,,35.0,,,,
1957-11-01,29.2,30.8,23.8,34.8,,38.0,,,,41.5,14.1,,,35.2,,,,
1957-12-01,29.2,30.9,23.8,35.1,,38.3,,,,41.8,14.2,,,35.3,,,,
1958-01-01,29.8,31.6,23.8,35.8,,38.9,,,,42.3,14.2,,,36.0,,,,
1958-02-01,29.9,31.8,23.9,35.9,,39.5,,,,43.4,13.8,,,36.3,,,,
1958-03-01,30.5,32.4,24.0,36.4,,40.5,,,,45.4,13.7,,,37.3,,,,
1958-04-01,30.6,32.5,24.0,36.9,,40.1,,,,44.1,13.5,,,36.9,,,,
1958-05-01,30.5,32.4,24.0,37.1,,40.5,,,,44.5,13.4,,,37.1,,,,
1958-06-01,30.3,32.2,24.2,37.2,,40.1,,,,43.2,13.5,,,36.8,,,,
1958-07-01,30.2,32.0,24.2,37.2,,39.8,,,,42.9,13.6,,,36.8,,,,
1958-08-01,30.1,32.0,24.2,36.6,,39.2,,,,42.1,13.9,,,36.3,,,,
1958-09-01,30.0,31.8,24.3,36.4,,39.1,,,,42.0,13.9,,,36.5,,,,
1958-10-01,30.0,31.7,24.2,36.1,,38.8,,,,41.7,13.8,,,36.1,,,,
1958-11-01,30.0,31.8,24.3,36.1,,38.6,,,,41.6,13.7,,,35.8,,,,
1958-12-01,29.9,31.6,24.3,36.3,,38.2,,,,40.9,13.8,,,35.5,,,,
1959-01-01,30.0,31.7,24.4,36.3,,38.4,,,,41.3,13.9,,,35.5,,,,
1959-02-01,29.8,31.4,24.5,35.9,,38.1,,,,41.2,14.0,,,35.2,,,,
1959-03-01,29.7,31.2,24.5,35.8,,38.0,,,,41.0,14.0,,,34.8,,,,
1959-04-01,29.5,31.1,24.6,35.9,,38.3,,,,41.8,13.9,,,35.0,,,,
1959-05-01,29.5,31.0,24.7,35.9,,38.1,,,,41.0,13.8,,,34.8,,,,
1959-06-01,29.7,31.2,24.8,35.7,,37.9,,,,40.6,13.6,,,34.8,,,,
1959-07-01,29.6,31.2,24.9,35.6,,37.5,,,,39.9,13.5,,,34.8,,,,
1959-08-01,29.6,31.1,24.9,35.1,,37.0,,,,39.4,13.7,,,34.2,,,,
1959-09-01,29.7,31.1,25.0,35.4,,37.7,,,,40.1,13.6,,,35.3,,,,
1959-10-01,29.7,31.2,25.0,35.2,,37.0,,,,39.1,13.6,,,34.6,,,,
1959-11-01,29.7,31.1,25.1,35.0,,36.5,,,,38.6,13.6,,,34.1,,,,
1959-12-01,29.6,31.1,25.1,34.9,,36.5,,,,38.8,13.6,,,34.2,,,,
1960-01-01,29.6,31.0,25.2,35.2,,36.8,,,,39.1,13.6,,,34.6,,,,
1960-02-01,29.5,30.9,25.3,35.1,,36.9,,,,39.3,13.7,,,34.5,,,,
1960-03-01,29.6,31.0,25.3,35.6,,37.9,,,,40.8,13.7,,,35.4,,,,
1960-04-01,30.0,31.4,25.4,35.6,,37.9,,,,41.2,13.7,,,35.4,,,,
1960-05-01,30.0,31.5,25.4,35.4,,37.9,,,,40.8,13.5,,,35.4,,,,
1960-06-01,30.0,31.5,25.4,35.5,,37.7,,,,40.2,13.7,,,35.3,,,,
1960-07-01,29.9,31.4,25.5,35.8,,37.9,,,,40.1,13.9,,,35.8,,,,
1960-08-01,30.0,31.5,25.5,35.5,,37.2,,,,39.1,14.1,,,35.3,,,,
1960-09-01,30.1,31.5,25.5,35.6,,37.5,,,,39.6,14.2,,,35.7,,,,
1960-10-01,30.3,31.8,25.5,35.9,,38.1,,,,40.4,14.2,,,36.3,,,,
1960-11-01,30.5,32.0,25.6,35.9,,38.1,,,,40.6,14.2,,,36.4,,,,
1960-12-01,30.5,32.1,25.7,36.0,,37.9,,,,40.1,14.2,,,36.0,,,,
1961-01-01,30.5,32.0,25.7,36.5,,38.3,,,,40.5,14.3,,,36.0,,,,
1961-02-01,30.5,32.0,25.8,36.6,,38.4,,,,40.7,14.4,,,36.1,,,,
1961-03-01,30.5,32.0,25.8,36.5,,38.3,,,,40.6,14.3,,,35.8,,,,
1961-04-01,30.4,31.9,25.9,36.3,,37.8,,,,40.0,14.1,,,35.2,,,,
1961-05-01,30.3,31.8,25.9,36.1,,37.2,,,,39.2,13.8,,,34.8,,,,
1961-06-01,30.2,31.6,25.9,35.6,,36.8,,,,38.5,13.9,,,34.6,,,,
1961-07-01,30.3,31.7,26.0,35.9,,37.3,,,,39.4,14.0,,,35.2,,,,
1961-08-01,30.3,31.7,26.0,36.0,,37.7,,,,40.0,14.0,,,35.3,,,,
1961-09-01,30.3,31.7,26.2,36.0,,37.5,,,,39.4,13.9,,,35.3,,,,
1961-10-01,30.3,31.7,26.2,35.9,,37.5,,,,39.4,13.8,,,35.3,,,,
1961-11-01,30.3,31.5,26.3,36.1,,37.5,,,,39.6,13.9,,,35.2,,,,
1961-12-01,30.3,31.6,26.3,36.4,,37.7,,,,39.7,14.0,,,35.3,,,,
1962-01-01,30.4,31.7,26.3,36.7,,38.3,,,,40.5,14.1,,,35.9,,,,
1962-02-01,30.5,31.9,26.4,36.6,,38.3,,,,40.6,14.0,,,36.0,,,,
1962-03-01,30.6,32.0,26.5,36.5,,38.3,,,,40.7,13.8,,,35.9,,,,
1962-04-01,30.7,32.0,26.5,36.2,,37.7,,,,40.1,14.0,,,35.3,,,,
1962-05-01,30.6,32.0,26.6,36.0,,37.5,,,,39.8,13.9,,,35.1,,,,
1962-06-01,30.5,31.9,26.7,36.0,,37.3,,,,39.4,13.9,,,35.0,,,,
1962-07-01,30.4,31.7,26.8,36.5,,37.8,,,,39.9,13.9,,,35.3,,,,
1962-08-01,30.6,31.8,26.9,36.6,,38.1,,,,40.4,13.8,,,35.7,,,,
1962-09-01,30.9,32.3,26.8,37.3,,39.0,,,,41.6,14.0,,,36.6,,,,
1962-10-01,30.8,32.2,26.9,36.7,,38.3,,,,40.8,14.0,,,35.9,,,,
1962-11-01,30.9,32.2,27.0,36.7,,38.3,,,,41.1,14.0,,,36.0,,,,
1962-12-01,30.7,32.0,27.0,36.6,,37.9,,,,40.3,14.0,,,35.5,,,,
1963-01-01,31.0,32.4,27.1,36.7,,38.1,,,,40.8,14.0,,,35.7,,,,
1963-02-01,31.1,32.4,27.2,36.6,,37.7,,,,39.9,14.0,,,35.4,,,,
1963-03-01,31.0,32.3,27.2,36.1,,37.2,,,,39.5,14.0,,,34.9,,,,
1963-04-01,30.9,32.2,27.2,36.1,,37.3,,,,39.5,14.0,,,34.6,,,,
1963-05-01,30.9,32.2,27.3,36.7,,37.6,,,,39.1,14.0,,,35.0,,,,
1963-06-01,31.0,32.3,27.3,36.9,,37.9,,,,39.3,14.1,,,35.3,,,,
1963-07-01,31.2,32.5,27.3,37.1,,38.1,,,,40.1,14.0,,,35.6,,,,
1963-08-01,31.2,32.5,27.3,36.8,,37.8,,,,39.9,13.8,,,35.3,,,,
1963-09-01,31.1,32.4,27.4,36.9,,37.6,,,,39.5,13.8,,,35.3,,,,
1963-10-01,31.0,32.3,27.5,37.2,,37.9,,,,39.4,13.8,,,35.4,,,,
1963-11-01,31.2,32.5,27.5,37.2,,38.1,,,,39.8,13.6,,,35.6,,,,
1963-12-01,31.3,32.5,27.5,36.7,,37.1,,,,38.6,13.8,,,35.0,,,,
1964-01-01,31.4,32.7,27.6,37.3,,38.1,,,1.05,39.9,13.8,,,35.7,,,,
1964-02-01,31.4,32.6,27.6,36.8,,37.5,,,1.06,39.1,13.8,,,35.2,,,,
1964-03-01,31.4,32.6,27.7,36.6,,37.5,,,1.06,39.4,13.5,,,35.3,,,,
1964-04-01,31.4,32.6,27.8,36.5,,37.4,,,1.07,39.1,13.4,,,35.1,,,,
1964-05-01,31.4,32.6,27.8,36.1,,37.0,,,1.08,38.8,13.4,,,34.8,,,,
1964-06-01,31.4,32.7,27.8,36.3,,37.1,,,1.09,38.6,13.4,,,35.5,,,,
1964-07-01,31.5,32.7,27.8,36.6,,37.5,,,1.09,39.0,13.5,,,35.7,,,,
1964-08-01,31.4,32.7,27.8,36.5,,37.3,,,1.1,38.7,13.4,,,35.5,,,,
1964-09-01,31.6,32.9,27.8,37.1,,37.9,,,1.11,39.6,13.3,,,36.0,,,,
1964-10-01,31.6,33.0,27.9,36.9,,37.5,,,1.11,38.8,13.5,,,35.7,,,,
1964-11-01,31.7,33.1,27.9,36.6,,37.4,,,1.12,38.9,13.6,,,35.5,,,,
1964-12-01,31.7,33.0,27.9,36.7,,37.1,,,1.13,38.4,13.7,,,35.2,,,,
1965-01-01,31.6,32.8,28.0,37.1,,37.5,,,1.12,38.5,13.7,,,35.5,,,,
1965-02-01,31.5,32.8,28.0,37.0,,37.7,,,1.13,39.1,13.6,,,35.5,,,,
1965-03-01,31.7,32.9,28.1,36.9,,37.8,,,1.14,39.5,13.6,,,35.7,,,,
1965-04-01,31.8,33.1,28.2,37.1,,38.3,,,1.15,40.4,13.6,,,36.1,,,,
1965-05-01,32.1,33.4,28.2,37.3,,38.6,,,1.16,40.7,13.7,,,36.5,,,,
1965-06-01,32.6,34.0,28.3,38.3,,39.5,,,1.16,41.5,13.7,,,37.2,,,,
1965-07-01,32.5,34.0,28.3,38.5,,39.6,,,1.17,41.4,13.7,,,37.3,,,,
1965-08-01,32.4,33.7,28.5,38.5,,39.5,,,1.18,41.0,13.8,,,37.1,,,,
1965-09-01,32.3,33.7,28.6,38.5,,39.5,,,1.19,41.2,13.8,,,37.4,,,,
1965-10-01,32.5,33.8,28.7,38.5,,39.6,,,1.21,41.1,13.8,,,37.5,,,,
1965-11-01,32.6,33.9,28.8,38.9,,39.8,,,1.21,41.5,14.0,,,37.8,,,,
1965-12-01,32.8,34.2,28.9,39.3,,40.7,,,1.22,42.6,14.0,,,38.4,,,,
1966-01-01,33.0,34.4,29.0,39.7,,41.1,,,1.22,43.2,14.0,,,38.6,,,,
1966-02-01,33.5,35.0,29.1,40.2,,42.0,,,1.22,44.4,14.0,,,39.3,,,,
1966-03-01,33.8,35.3,29.3,39.9,,41.8,,,1.23,44.2,13.9,,,39.3,,,,
1966-04-01,33.8,35.4,29.3,39.7,,41.5,,,1.24,44.0,13.9,,,39.0,,,,
1966-05-01,33.7,35.2,29.5,39.8,,41.2,,,1.25,43.2,14.0,,,38.6,,,,
1966-06-01,33.7,35.1,29.7,39.9,,41.1,,,1.26,43.1,14.1,,,38.6,,,,
1966-07-01,33.5,34.9,29.8,40.5,,42.0,,,1.27,44.6,14.1,,,39.2,,,,
1966-08-01,34.0,35.5,29.9,41.2,,42.5,,,1.27,44.7,14.2,,,39.7,,,,
1966-09-01,34.1,35.6,30.0,41.1,,42.6,,,1.28,45.0,14.2,,,40.3,,,,
1966-10-01,34.2,35.6,30.1,40.6,,41.5,,,1.3,43.2,14.3,,,39.5,,,,
1966-11-01,34.1,35.5,30.3,40.1,,40.9,,,1.31,42.4,14.3,,,39.2,,,,
1966-12-01,34.0,35.3,30.4,40.2,,40.7,,,1.31,42.1,14.3,,,38.9,,,,
1967-01-01,33.9,35.1,30.6,40.2,,40.9,,,1.32,42.5,14.3,,,38.8,,,,
1967-02-01,33.8,35.0,30.8,39.7,,40.3,,,1.33,41.8,14.4,,,38.5,,,,
1967-03-01,33.8,34.9,30.8,39.4,,39.9,,,1.34,41.3,14.4,,,38.0,,,,
1967-04-01,33.7,34.7,31.0,39.2,,39.5,,,1.35,40.4,14.4,,,37.7,,,,
1967-05-01,33.7,34.7,31.1,39.4,,40.1,,,1.36,41.7,14.5,,,38.2,,,,
1967-06-01,34.0,35.0,31.2,40.1,,40.8,,,1.37,42.4,14.5,,,39.1,,,,
1967-07-01,34.1,35.2,31.3,40.3,,40.9,,,1.38,42.5,14.5,,,39.3,,,,
1967-08-01,34.3,35.3,31.4,39.9,,40.2,,,1.39,41.1,14.6,,,38.6,,,,
1967-09-01,34.3,35.3,31.5,40.1,,40.2,,,1.4,40.7,14.6,,,38.9,,,,
1967-10-01,34.4,35.4,31.6,39.8,,39.8,,,1.41,40.2,14.4,,,38.3,,,,
1967-11-01,34.5,35.4,31.8,39.5,,39.5,,,1.42,39.9,14.3,,,38.4,,,,
1967-12-01,34.6,35.6,31.9,39.7,,40.0,,,1.42,41.0,14.3,,,38.8,,,,
1968-01-01,34.6,35.6,32.0,40.0,,40.2,,,1.45,41.0,14.2,,,39.0,,,,
1968-02-01,34.8,35.8,32.2,40.3,,40.8,,,1.47,41.9,14.3,,,39.5,,,,
1968-03-01,34.9,35.9,32.3,40.2,,40.8,,,1.48,42.3,14.2,,,39.4,,,,
1968-04-01,35.0,36.0,32.4,40.2,,40.8,,,1.49,42.3,14.3,,,39.3,,,,
1968-05-01,35.1,36.1,32.6,40.5,,41.3,,,1.5,42.9,14.3,,,39.8,,42.8,41.3,
1968-06-01,35.2,36.1,32.8,40.9,,41.3,,,1.52,42.4,14.4,,,40.0,,35.0,53.6,
1968-07-01,35.3,36.2,32.9,41.3,,41.8,,,1.53,43.0,14.4,,,40.6,,35.0,46.0,
1968-08-01,35.4,36.3,33.1,41.0,,41.2,,,1.55,42.0,14.3,,,40.0,,43.3,40.2,
1968-09-01,35.6,36.5,33.3,41.0,,41.4,,,1.56,42.5,14.3,,,40.7,,28.5,41.2,
1968-10-01,35.9,36.9,33.4,40.7,,41.0,,,1.57,41.9,14.2,,,40.1,,34.5,38.0,
1968-11-01,35.9,36.8,33.6,40.8,,41.4,,,1.59,42.7,14.2,,,40.5,,31.8,45.4,
1968-12-01,36.0,37.0,33.7,40.9,,41.4,,,1.6,42.8,14.2,,,40.6,,34.9,60.4,
1969-01-01,36.1,37.0,33.8,41.3,,42.0,,,1.6,43.4,14.2,,,41.2,,31.2,42.5,
1969-02-01,36.1,37.0,34.0,41.4,,42.1,,,1.63,43.5,14.3,,,41.0,,33.0,46.1,
1969-03-01,36.2,37.1,34.1,41.5,,42.3,,,1.65,44.1,14.5,,,41.3,,34.9,39.2,
1969-04-01,36.4,37.3,34.3,41.8,,42.4,,,1.66,43.9,14.5,,,41.2,,39.5,34.7,
1969-05-01,36.6,37.5,34.5,42.5,,43.7,,,1.67,45.9,14.5,,,42.4,,27.4,38.4,
1969-06-01,37.0,38.0,34.7,43.3,,44.2,,,1.68,46.2,14.6,,,42.8,,23.3,34.4,
1969-07-01,37.3,38.2,34.9,43.5,,44.3,,,1.68,46.0,14.6,,,43.2,,37.6,36.4,
1969-08-01,37.5,38.4,35.1,43.3,,43.8,,,1.7,45.1,14.6,,,42.7,,38.2,39.0,
1969-09-01,37.7,38.6,35.3,43.2,,43.7,,,1.72,44.9,14.6,,,42.9,,41.2,40.2,
1969-10-01,37.8,38.7,35.6,43.3,,43.7,,,1.73,44.6,14.7,,,42.7,,35.3,35.7,
1969-11-01,38.2,39.1,35.9,43.3,,44.2,,,1.75,46.0,14.7,,,43.7,,35.9,39.4,
1969-12-01,38.6,39.6,36.1,43.7,,44.5,,,1.75,46.4,14.8,,,43.9,,37.3,40.9,
1970-01-01,38.7,39.6,36.3,44.6,,45.2,,,1.76,46.6,14.7,,,44.6,,37.7,45.0,
1970-02-01,38.9,39.9,36.6,44.7,,45.4,,,1.77,47.0,14.8,,,44.4,,31.7,37.5,
1970-03-01,38.9,39.8,36.8,44.5,,45.4,,,1.78,47.3,14.8,,,44.4,,28.6,36.1,
1970-04-01,39.0,39.8,37.2,44.5,,44.9,,,1.79,46.0,15.0,,,43.7,,31.0,46.1,
1970-05-01,39.2,40.0,37.4,44.2,,44.7,,,1.81,45.9,15.1,,,43.6,,30.6,50.6,
1970-06-01,39.2,39.9,37.5,44.5,,44.9,,,1.8,46.0,15.1,,,43.8,,34.6,40.0,
1970-07-01,39.2,39.9,37.7,45.1,,45.6,,,1.82,46.8,15.2,,,44.4,,29.0,40.9,
1970-08-01,39.2,39.9,37.8,44.9,,44.6,,,1.83,44.8,15.3,,,43.4,,29.5,53.6,
1970-09-01,39.4,40.1,37.9,45.0,,45.3,,,1.86,46.3,15.6,,,44.1,,33.3,49.3,
1970-10-01,39.5,40.2,38.0,44.5,,44.4,,,1.85,44.5,15.8,,,43.0,,28.7,56.8,
1970-11-01,39.5,40.1,38.2,44.5,,44.2,,,1.85,44.1,15.9,,,43.2,,33.5,59.7,
1970-12-01,39.5,40.1,38.3,44.0,,43.9,,,1.86,44.2,16.4,,,42.9,,26.1,59.9,
1971-01-01,39.4,39.9,38.6,44.5,,44.5,,,1.89,44.9,16.5,,,43.4,,29.4,53.1,
1971-02-01,39.5,40.0,38.8,45.1,,45.7,,,1.89,47.0,16.5,,,44.0,,23.7,52.3,
1971-03-01,39.8,40.3,38.9,45.2,,45.6,,,1.9,46.6,16.4,,,44.2,,24.8,54.6,
1971-04-01,40.1,40.7,39.0,45.2,,45.5,,,1.92,46.6,16.4,,,44.2,,19.5,54.3,
1971-05-01,40.3,40.9,39.2,45.6,,45.9,,,1.95,47.0,16.6,,,44.6,,25.8,62.5,
1971-06-01,40.5,41.1,39.4,45.8,,46.4,,,1.95,47.9,16.6,,,44.9,,29.3,64.5,
1971-07-01,40.6,41.1,39.5,46.2,,46.2,,,1.97,46.8,16.7,,,44.6,,25.2,63.9,
1971-08-01,40.6,41.1,39.7,46.0,,46.1,,,1.97,46.7,16.8,,,44.8,,39.1,39.6,
1971-09-01,40.6,41.1,39.8,45.7,,45.5,,,1.98,45.6,16.8,,,44.4,,9.9,47.5,
1971-10-01,40.7,41.2,39.9,45.4,,45.4,,,1.99,45.9,16.7,,,44.4,,0.0,54.8,
1971-11-01,40.9,41.3,40.0,45.5,,45.7,,,2.0,46.3,16.7,,,44.7,,13.2,42.2,
1971-12-01,41.3,41.9,40.1,46.1,,46.6,,,2.02,47.8,16.9,,,45.4,,27.9,42.8,
1972-01-01,41.1,41.7,40.2,46.6,,47.2,,,2.03,48.6,16.7,,,45.8,,24.3,53.2,
1972-02-01,41.7,42.3,40.3,47.3,,48.1,,,2.04,49.8,16.7,,,46.5,,24.2,50.4,
1972-03-01,41.6,42.3,40.5,47.2,,47.8,,,2.05,49.4,16.8,,,46.1,,25.1,54.4,
1972-04-01,41.6,42.2,40.7,46.8,,47.5,,,2.06,49.1,16.9,,,45.5,,23.3,49.0,
1972-05-01,41.7,42.3,40.8,47.2,,48.2,,,2.06,50.4,16.9,,,46.1,,22.6,37.1,
1972-06-01,41.9,42.4,40.9,47.6,,48.7,,,2.07,51.1,17.0,,,46.6,,24.9,41.6,
1972-07-01,42.1,42.6,41.0,48.3,,49.8,,,2.08,52.8,17.1,,,47.6,,19.4,35.3,
1972-08-01,42.2,42.7,41.2,48.1,,49.8,,,2.09,52.9,17.3,,,47.5,,20.4,45.7,
1972-09-01,42.5,43.1,41.3,48.5,,50.0,,,2.1,53.1,17.4,,,47.7,,22.6,36.9,
1972-10-01,42.8,43.4,41.4,48.5,,49.5,,,2.12,51.8,17.4,,,47.2,,21.1,36.5,
1972-11-01,43.0,43.7,41.6,48.9,,50.4,,,2.13,53.1,17.5,,,47.9,,26.0,35.6,
1972-12-01,43.2,43.9,41.8,51.5,,53.3,,,2.14,56.7,17.6,,,49.0,,25.1,38.5,
1973-01-01,44.0,44.8,41.9,52.6,,55.0,,,2.13,59.5,17.6,,,50.8,,29.9,38.9,
1973-02-01,44.6,45.6,42.2,54.5,,57.2,,,2.15,62.3,18.2,,,51.7,,37.2,62.2,
1973-03-01,45.8,47.0,42.5,56.2,,59.9,,,2.16,66.4,18.4,,,54.1,,67.9,65.5,
1973-04-01,46.5,47.8,42.8,55.6,,59.4,,,2.18,66.3,18.6,,,54.3,,62.2,60.9,
1973-05-01,47.1,48.5,43.4,57.7,,62.3,,,2.18,70.3,18.9,,,54.7,,64.1,64.8,
1973-06-01,47.6,49.1,43.8,60.3,,65.8,,,2.19,75.2,19.2,,,55.9,,57.1,52.2,
1973-07-01,47.7,49.1,44.0,58.3,,63.1,,,2.21,71.5,19.4,,,56.1,,17.0,53.0,
1973-08-01,50.5,52.6,44.5,66.1,,74.1,,,2.22,88.0,19.5,,,61.2,,58.2,60.8,
1973-09-01,50.4,52.3,45.3,62.2,,69.7,,,2.25,82.7,19.8,,,60.2,,60.0,70.5,
1973-10-01,50.7,52.4,46.1,60.9,,67.0,,,2.25,77.7,20.1,,,59.2,,69.3,74.1,
1973-11-01,51.4,53.1,46.7,60.4,,66.1,,,2.26,75.9,20.8,,,59.3,,77.8,78.6,
1973-12-01,51.9,53.6,47.1,61.9,,67.5,,,2.27,77.3,21.9,,,60.1,,74.4,79.5,
1974-01-01,52.5,54.3,47.4,64.4,,71.5,,,2.29,83.6,23.4,,,62.8,,77.6,73.3,
1974-02-01,53.6,55.8,47.8,65.5,,72.6,,,2.29,84.8,25.6,,,64.4,,88.9,79.1,
1974-03-01,54.2,56.3,48.1,64.8,,70.8,,,2.32,81.3,27.3,,,63.5,,91.1,76.6,
1974-04-01,54.1,56.0,48.7,63.3,,68.2,,,2.34,76.8,28.5,,,62.9,,75.9,73.4,
1974-05-01,54.5,56.5,49.1,63.2,,67.3,,,2.39,74.6,29.5,,,62.6,,83.8,73.8,
1974-06-01,54.5,56.3,49.6,62.6,,65.0,,,2.41,69.6,30.4,,,60.6,,82.2,78.1,
1974-07-01,54.3,55.9,50.1,66.6,,69.4,,,2.41,74.6,32.0,,,63.5,,86.8,71.8,
1974-08-01,55.1,56.7,50.6,71.4,,73.7,,,2.45,78.1,32.6,,,64.7,,79.0,70.2,
1974-09-01,56.2,58.1,50.9,70.3,,72.0,,,2.46,75.4,32.5,,,65.1,,73.7,69.7,
1974-10-01,56.8,58.8,51.4,73.0,,74.4,,,2.48,77.4,33.0,,,66.1,,70.8,57.6,
1974-11-01,57.5,59.5,51.8,75.4,,75.9,,,2.49,77.5,32.8,,,68.4,,62.0,58.6,
1974-12-01,58.2,60.2,52.4,74.8,,74.9,,,2.5,75.8,33.0,,,67.8,,65.3,50.9,
1975-01-01,58.4,60.4,53.0,74.1,,73.8,,,2.5,74.1,33.5,,,68.3,,40.8,40.6,
1975-02-01,58.5,60.4,53.3,72.6,,72.1,,,2.52,72.1,33.5,,,67.7,,34.9,18.5,
1975-03-01,58.4,60.3,53.5,70.5,,70.3,,,2.54,70.6,33.6,,,66.6,,10.0,13.5,
1975-04-01,58.3,60.1,53.7,71.4,,71.8,,,2.54,73.3,34.1,,,67.5,,0.1,43.7,
1975-05-01,58.6,60.3,53.8,71.2,,72.8,,,2.56,76.1,34.4,,,68.5,,6.3,44.8,
1975-06-01,59.2,61.1,54.0,71.5,,73.2,,,2.58,76.8,35.0,,,69.6,,14.0,48.3,
1975-07-01,60.3,62.5,54.3,73.4,,75.6,,,2.59,79.9,35.6,,,71.3,,17.3,49.0,
1975-08-01,60.3,62.3,54.7,74.1,,75.9,,,2.6,79.7,36.4,,,71.0,,21.0,44.3,
1975-09-01,60.7,62.7,55.2,74.0,,76.5,,,2.61,81.3,36.8,,,71.9,,40.0,63.4,
1975-10-01,61.3,63.3,55.7,74.0,,76.6,,,2.63,81.4,37.0,,,72.3,,49.4,65.1,
1975-11-01,61.7,63.7,56.2,72.6,,74.8,,,2.66,79.1,37.1,,,71.6,,58.3,65.4,
1975-12-01,62.1,64.1,56.5,72.0,,74.7,,,2.67,80.0,37.2,,,71.6,,41.1,68.9,
1976-01-01,61.9,63.7,56.8,71.3,,74.2,,,2.69,79.5,37.1,,,70.9,,46.1,60.1,
1976-02-01,61.3,63.0,56.9,70.2,,73.1,,,2.7,78.7,36.9,,,69.7,,34.6,67.2,
1976-03-01,60.9,62.4,57.1,69.9,,72.3,,,2.71,77.0,36.9,,,69.1,,36.1,74.5,
1976-04-01,60.9,62.4,57.3,70.8,,73.8,,,2.72,79.6,37.1,,,70.5,,41.4,57.4,
1976-05-01,61.1,62.6,57.5,71.5,,74.3,,,2.74,79.5,37.1,,,70.8,,45.7,72.3,
1976-06-01,61.3,62.7,57.8,72.3,,75.3,,,2.77,81.1,37.6,,,70.1,,48.6,74.8,
1976-07-01,61.6,62.9,58.2,72.6,,75.6,,,2.77,81.2,38.3,,,70.2,,54.5,75.9,
1976-08-01,61.8,63.1,58.5,70.3,,73.0,,,2.81,78.3,38.8,,,68.6,,48.6,68.3,
1976-09-01,62.1,63.4,59.0,70.5,,73.5,,,2.84,79.2,39.1,,,68.8,,47.5,69.9,
1976-10-01,62.4,63.7,59.3,69.6,,72.1,,,2.87,77.0,40.0,,,68.5,,42.8,75.6,
1976-11-01,62.3,63.5,59.6,69.5,,71.7,,,2.89,75.7,40.6,,,68.0,,29.6,68.5,
1976-12-01,62.5,63.5,60.0,71.2,,73.9,,,2.91,79.1,40.3,,,69.8,,41.2,62.2,
1977-01-01,62.7,63.8,60.2,71.3,,74.3,,,2.92,79.8,40.2,,,70.1,,36.9,76.3,
1977-02-01,63.9,65.3,60.4,72.3,,75.7,,,2.94,82.1,41.7,,,71.6,,41.4,83.9,
1977-03-01,64.2,65.7,60.8,73.1,,76.7,,,2.97,83.5,42.4,,,72.3,,50.0,70.5,
1977-04-01,65.0,66.5,61.5,75.0,,78.7,,,2.98,85.9,43.1,,,72.8,,50.3,62.9,
1977-05-01,65.3,66.6,62.1,76.3,,79.1,,,3.0,84.3,43.6,,,74.2,,50.5,74.7,
1977-06-01,65.7,67.1,62.5,75.6,,77.0,,,3.01,79.5,43.9,,,73.6,,54.8,72.3,
1977-07-01,65.9,67.2,62.9,74.4,,75.8,,,3.03,78.5,44.3,,,74.3,,39.6,75.5,
1977-08-01,66.2,67.4,63.4,73.5,,74.0,,,3.06,75.0,44.7,,,73.7,,44.1,73.3,
1977-09-01,66.4,67.6,63.7,73.3,,73.9,81.0,,3.08,75.1,44.7,,,73.8,,39.1,60.8,
1977-10-01,66.6,67.7,64.1,73.3,,73.9,,,3.1,75.1,44.8,,,73.8,,27.5,55.6,
1977-11-01,67.1,68.4,64.5,74.3,,75.1,,,3.13,76.6,44.8,,,73.9,,30.6,62.0,
1977-12-01,67.4,68.5,64.8,75.3,,76.1,78.4,,3.15,77.7,45.0,,,74.6,,33.1,64.5,
1978-01-01,67.9,69.2,65.1,76.2,,77.2,,,3.2,79.3,45.1,,,75.5,,39.7,53.3,
1978-02-01,68.6,70.0,65.7,77.5,,79.1,,,3.22,82.1,45.1,,,77.3,,47.2,63.3,
1978-03-01,69.5,71.0,66.2,78.3,,80.4,74.0,,3.25,84.2,45.5,,,77.3,,45.9,63.2,
1978-04-01,70.6,72.4,66.7,79.6,,82.6,,,3.28,88.2,45.8,,,79.1,,45.7,72.9,
1978-05-01,71.6,73.7,67.3,80.5,,83.4,,,3.29,89.0,46.1,,,79.9,,47.0,67.9,
1978-06-01,72.7,74.9,68.0,81.4,,84.6,74.1,,3.32,90.6,46.6,,,80.9,,38.6,64.1,
1978-07-01,73.0,75.1,68.6,81.2,,84.5,,,3.35,90.7,46.8,,,81.4,,48.2,64.5,
1978-08-01,73.3,75.1,69.3,80.2,,82.5,,,3.36,86.8,46.9,,,79.6,,57.5,67.6,
1978-09-01,73.6,75.4,69.8,81.7,,84.1,74.8,,3.39,88.8,47.1,,,80.9,,52.6,52.0,
1978-10-01,74.2,76.0,70.3,83.1,,85.7,,,3.42,90.5,47.4,,,82.0,,51.9,64.6,
1978-11-01,74.7,76.5,70.9,82.8,,85.3,,,3.44,90.0,47.6,,,81.8,,66.8,70.0,
1978-12-01,75.1,76.9,71.4,84.2,,86.9,75.8,,3.47,91.9,48.2,,,83.3,,73.3,59.4,
1979-01-01,76.4,78.5,72.0,85.6,,88.9,,,3.52,95.0,48.8,,,85.0,,67.7,71.2,
1979-02-01,77.7,80.0,72.8,87.1,,91.3,,,3.54,99.4,49.4,,,86.9,,67.0,72.4,
1979-03-01,78.4,80.6,73.6,87.7,,92.0,75.1,,3.55,100.2,50.6,,,87.2,,64.0,67.1,
1979-04-01,79.0,81.1,74.3,88.4,,92.9,,,3.58,101.5,52.2,,,87.7,,67.7,64.7,
1979-05-01,79.7,81.8,75.2,88.3,,92.7,,,3.59,101.2,54.5,,,87.3,,65.1,65.2,
1979-06-01,80.0,82.0,75.8,87.7,,92.0,80.3,,3.61,100.2,56.8,,,86.2,,85.4,66.0,
1979-07-01,80.5,82.3,76.4,88.8,,93.3,,,3.64,101.8,59.4,,,86.7,,74.7,65.5,
1979-08-01,80.4,81.9,77.0,87.7,,91.4,,,3.67,98.4,62.4,,,86.4,,66.4,65.8,
1979-09-01,80.9,82.5,77.4,89.8,,93.1,81.5,,3.7,99.5,65.6,,,88.0,,62.3,72.7,
1979-10-01,81.5,83.0,78.2,89.4,,92.7,,,3.7,98.9,67.6,,,87.5,,77.6,76.0,
1979-11-01,82.0,83.5,78.8,90.3,,93.3,,,3.73,99.1,68.8,,,88.8,,68.5,71.3,
1979-12-01,82.8,84.3,79.5,91.2,,94.2,83.9,,3.77,100.1,70.4,,,89.5,,71.3,80.8,
1980-01-01,83.3,84.8,80.2,90.9,,93.2,,,3.81,97.6,73.3,,,89.4,,73.4,75.0,
1980-02-01,83.4,84.7,80.7,92.7,,95.2,,,3.83,100.0,76.8,,,89.5,,71.5,70.9,
1980-03-01,84.1,85.4,81.4,92.1,,94.4,84.8,,3.87,98.7,79.9,,,90.1,,78.5,72.6,
1980-04-01,84.7,85.9,81.9,90.9,,92.1,,,3.88,94.5,81.7,,,88.8,,71.0,66.7,
1980-05-01,85.2,86.4,82.5,92.7,,94.0,,,3.93,96.3,82.5,,,89.5,,63.1,64.3,
1980-06-01,85.7,86.8,83.2,93.0,,94.2,83.1,,3.97,96.3,83.2,,,89.9,,54.5,68.8,
1980-07-01,86.6,87.9,83.6,96.1,,99.1,,,4.01,104.9,84.5,,,93.2,,37.0,71.3,
1980-08-01,88.0,89.8,84.2,99.2,,102.5,,,4.04,108.9,85.2,,,95.1,,48.5,60.3,
1980-09-01,89.1,91.0,84.9,99.3,,103.1,84.4,,4.06,110.2,85.6,,,95.4,,54.1,72.2,
1980-10-01,89.8,91.7,85.5,101.8,,104.2,,,4.09,108.8,85.5,,,95.6,,58.0,74.2,
1980-11-01,90.8,92.8,86.3,102.3,,104.7,,,4.14,109.3,86.6,,,96.0,,72.8,69.3,
1980-12-01,91.3,93.3,87.1,100.0,,103.3,85.5,,4.16,109.5,88.8,,,96.2,,58.1,71.9,
1981-01-01,91.6,93.4,87.8,100.7,,103.6,,,4.2,109.1,91.5,,,96.8,,59.1,75.9,
1981-02-01,92.1,93.6,88.9,99.5,,102.5,,,4.24,108.3,96.3,,,96.9,,54.8,68.7,
1981-03-01,92.6,94.1,89.2,98.8,,101.8,84.2,,4.27,107.6,100.5,,,97.4,,49.2,73.1,
1981-04-01,92.8,94.1,89.8,98.4,,102.0,,,4.3,108.7,102.0,,,97.2,,45.3,82.6,
1981-05-01,92.8,93.9,90.3,98.7,,101.6,,,4.32,107.1,102.3,,,97.5,,65.4,75.1,
1981-06-01,93.2,94.3,90.8,99.4,,102.2,79.4,,4.34,107.6,102.1,,,97.9,,56.3,64.1,
1981-07-01,93.9,95.1,91.3,100.3,,103.2,,,4.36,108.7,101.7,,,99.4,,53.6,71.5,
1981-08-01,94.4,95.6,91.8,99.9,,102.1,,,4.41,106.4,101.6,,,98.9,,48.6,72.9,
1981-09-01,94.8,96.0,92.2,99.0,,100.6,80.3,,4.48,103.6,101.5,,,98.8,,50.5,78.5,
1981-10-01,95.0,96.0,92.7,98.0,,98.8,,,4.44,100.3,100.7,,,98.0,,39.0,60.8,
1981-11-01,95.1,96.0,93.1,97.2,,97.4,,,4.47,97.9,100.7,,,97.5,,40.5,63.2,
1981-12-01,95.3,96.2,93.3,96.9,,96.9,78.8,,4.48,96.8,101.3,,,97.6,,27.0,56.7,
1982-01-01,95.6,96.4,93.7,98.2,,98.8,,,4.51,99.9,101.7,,,98.9,,22.6,56.1,
1982-02-01,96.3,97.4,94.0,98.7,,99.8,,,4.51,102.0,100.7,,,99.6,,21.7,57.1,
1982-03-01,96.2,97.0,94.4,98.7,,99.5,78.9,,4.53,101.0,99.5,,,99.2,,23.7,50.8,
1982-04-01,96.4,97.1,94.7,99.8,,101.1,,,4.56,103.4,96.7,,,100.3,,14.1,52.3,
1982-05-01,97.2,98.1,95.1,101.2,,102.8,,,4.6,105.8,95.5,,,101.2,,2.9,49.4,
1982-06-01,98.1,99.3,95.6,101.7,,102.6,75.4,,4.62,104.3,97.7,,,101.6,,9.4,39.3,
1982-07-01,98.2,99.2,96.1,101.2,,101.4,,,4.65,101.8,101.1,,,100.5,,3.7,36.6,
1982-08-01,98.0,98.6,96.5,100.8,,100.3,,,4.69,99.4,101.8,,,100.2,,9.9,42.3,
1982-09-01,98.2,98.7,96.9,100.8,,99.4,77.3,,4.69,96.8,101.0,,,100.2,,5.3,42.6,
1982-10-01,98.2,98.6,97.2,99.7,,98.0,,,4.71,94.6,100.8,,,99.4,,8.4,41.0,
1982-11-01,98.2,98.5,97.5,99.5,,98.0,,,4.73,95.2,101.9,,,99.3,,7.1,40.8,
1982-12-01,98.2,98.2,97.9,99.6,,98.4,79.2,,4.74,96.0,101.5,,,99.6,,5.7,40.3,
1983-01-01,98.1,97.9,98.3,100.1,,98.8,,,4.77,96.2,98.6,,,99.7,,-0.8,41.4,
1983-02-01,98.2,98.0,98.5,101.3,,100.6,,,4.8,99.3,96.5,,,100.7,,4.1,42.6,
1983-03-01,98.8,98.7,98.9,101.2,,100.7,80.0,,4.82,99.6,94.9,,,100.7,,5.3,44.2,
1983-04-01,99.2,99.0,99.4,101.8,,102.4,,,4.84,103.4,93.0,,,101.4,,10.9,50.4,
1983-05-01,99.5,99.4,99.6,101.8,,102.4,,,4.87,103.3,94.0,,,101.3,,22.5,51.9,
1983-06-01,99.6,99.4,99.8,101.1,,101.5,80.3,,4.89,102.1,96.0,,,100.7,,23.2,58.9,
1983-07-01,99.6,99.3,99.9,101.2,,101.1,,,4.91,100.8,96.5,,,100.6,,24.9,62.5,
1983-08-01,99.7,99.2,100.3,101.6,,102.7,,,4.92,104.6,96.9,,,100.6,,33.3,58.7,
1983-09-01,100.0,99.6,100.7,103.2,,104.1,81.6,,4.92,105.8,97.0,,,101.5,,29.8,65.9,
1983-10-01,100.3,99.7,101.2,102.5,,103.5,,,4.95,105.3,96.6,,,101.7,,39.3,49.8,
1983-11-01,100.3,99.6,101.5,102.5,,102.9,,,4.94,103.6,95.7,,,101.0,,33.5,58.6,
1983-12-01,100.6,100.0,101.7,103.0,,103.6,82.4,,4.95,104.8,94.9,,,101.9,,33.5,59.5,
1984-01-01,102.0,101.7,102.3,104.9,,106.2,,,4.95,108.7,94.1,,,105.0,,33.5,59.6,
1984-02-01,102.7,102.5,102.7,104.7,,105.9,,,4.95,107.9,94.6,,,106.0,,30.1,59.5,
1984-03-01,102.9,102.7,103.1,106.2,,107.7,83.9,,4.97,110.3,95.0,,,106.7,,40.5,69.0,
1984-04-01,102.9,102.5,103.4,106.3,,107.4,,,4.99,109.5,94.4,,,105.8,,49.9,56.2,
1984-05-01,102.7,102.0,103.9,106.4,,106.8,,,4.97,107.6,95.3,,,104.8,,37.5,59.5,
1984-06-01,103.1,102.5,104.1,105.3,,105.6,84.9,,4.99,106.1,96.1,,,104.5,,34.5,59.3,
1984-07-01,103.3,102.6,104.5,106.3,,106.5,,,5.01,106.7,95.9,,,106.2,,42.1,53.3,
1984-08-01,103.9,103.3,104.9,105.3,,105.0,,,5.0,104.5,94.9,,,105.7,,25.0,52.3,
1984-09-01,103.8,103.1,104.9,104.8,,104.2,83.6,,5.0,103.1,94.1,,,105.3,,23.1,47.4,
1984-10-01,104.0,103.3,105.2,104.4,,102.6,,,5.0,99.1,94.4,,,104.6,,17.3,48.3,
1984-11-01,104.1,103.4,105.5,104.9,,103.7,,,5.03,101.4,94.5,,,104.9,,20.7,42.0,
1984-12-01,104.5,103.7,106.0,105.2,,103.9,80.6,,5.04,101.4,93.6,,,105.5,100.0,17.9,52.9,
1985-01-01,104.7,103.8,106.2,105.1,,103.5,,,5.02,100.4,91.9,,,105.6,100.1,24.2,40.2,
1985-02-01,105.2,104.3,106.7,104.9,,103.7,,,5.05,101.2,90.2,,,106.3,100.0,20.1,43.3,
1985-03-01,105.5,104.6,107.1,104.3,,102.3,80.3,,5.05,98.5,90.2,,,105.6,99.8,16.8,53.7,
1985-04-01,105.4,104.2,107.5,103.8,,101.7,,,5.06,97.7,91.4,,,105.0,99.3,18.8,34.6,
1985-05-01,105.2,103.8,107.9,103.4,,100.6,,,5.08,95.1,93.4,,,104.0,98.9,16.0,40.3,
1985-06-01,105.5,104.0,108.4,102.9,,100.1,79.5,,5.1,94.7,92.4,,,103.6,99.0,9.9,31.0,
1985-07-01,105.5,104.0,108.5,103.3,,100.3,,,5.1,94.6,91.7,,,104.6,98.8,16.5,33.1,
1985-08-01,105.6,103.8,108.9,102.3,,98.1,,,5.11,90.0,90.5,,,103.7,98.0,14.4,32.9,
1985-09-01,105.8,104.0,109.4,101.5,,96.8,77.7,,5.13,87.8,90.7,,,102.5,97.3,13.8,23.4,
1985-10-01,105.8,103.9,109.5,102.5,,98.5,,,5.13,90.7,90.6,,,103.4,98.1,2.7,27.6,
1985-11-01,106.5,104.8,109.8,103.9,,100.8,,,5.13,95.1,91.6,,,104.8,99.0,3.3,28.8,
1985-12-01,107.3,105.9,110.0,104.5,,101.5,84.0,,5.17,95.8,92.3,,,106.1,99.7,8.9,13.9,
1986-01-01,107.5,105.9,110.4,104.7,,101.1,,,5.17,93.8,89.5,22.93,,106.1,99.8,6.5,29.9,
1986-02-01,107.3,105.6,110.7,104.0,,99.8,,,5.18,91.5,81.8,15.46,,104.9,99.2,6.1,28.3,
1986-03-01,107.5,105.7,111.1,103.7,,99.4,89.2,,5.2,90.9,73.9,12.61,,104.8,99.0,17.1,25.3,
1986-04-01,107.7,105.8,111.6,103.3,,98.9,,,5.17,90.2,69.6,12.84,,104.9,98.6,-2.9,22.0,
1986-05-01,108.2,106.2,112.1,104.3,,100.8,,,5.18,93.7,69.8,15.38,,106.0,99.3,2.2,19.6,
1986-06-01,108.3,106.1,112.6,104.7,,100.4,85.3,,5.19,91.8,69.9,13.43,,106.1,99.6,0.2,16.6,
1986-07-01,109.1,107.2,112.8,106.1,,102.2,,,5.18,94.3,64.1,11.59,,108.2,101.0,4.4,23.9,
1986-08-01,110.1,108.5,113.1,107.2,,102.7,,,5.19,93.7,63.2,15.1,,109.6,101.7,-3.2,17.2,
1986-09-01,110.2,108.4,113.5,107.0,,102.1,88.3,,5.21,92.5,65.3,14.87,,109.1,101.5,4.0,18.1,
1986-10-01,110.5,108.8,113.8,106.7,,102.4,,,5.22,93.8,63.3,14.9,,109.4,101.3,22.8,24.2,
1986-11-01,111.1,109.4,114.3,106.5,,102.7,,,5.23,95.0,63.3,15.22,,109.2,101.5,18.9,21.1,
1986-12-01,111.4,109.7,114.7,106.7,,102.4,87.1,,5.23,93.8,63.4,16.11,,109.1,101.4,17.0,21.4,
1987-01-01,111.8,110.2,115.2,106.1,,101.1,,,5.22,91.1,66.6,18.65,,108.0,100.9,5.1,27.7,
1987-02-01,112.2,110.6,115.5,106.4,,101.6,,,5.23,92.0,68.0,17.75,,108.3,101.1,17.1,30.6,
1987-03-01,112.4,110.7,115.9,105.9,,101.3,84.6,,5.25,92.2,68.3,18.3,,108.1,101.0,19.3,18.3,
1987-04-01,112.6,110.9,116.1,107.2,,103.3,,,5.26,95.7,69.1,18.68,,109.2,102.0,21.7,29.7,
1987-05-01,113.2,111.7,116.4,109.1,,105.9,,,5.28,99.9,69.7,19.44,,110.6,103.3,29.6,23.0,
1987-06-01,113.9,112.5,116.8,109.0,,105.5,86.7,,5.28,98.8,71.1,20.07,,110.6,103.4,35.5,36.4,
1987-07-01,113.7,112.1,117.2,109.0,,105.2,,,5.3,97.9,72.6,21.34,,110.9,103.5,36.7,26.0,
1987-08-01,113.9,112.3,117.5,108.2,,104.0,,,5.33,95.7,73.8,20.31,,109.5,103.4,36.3,20.2,
1987-09-01,114.3,112.6,118.0,108.9,,104.6,87.6,,5.35,96.1,72.2,19.53,,110.5,103.2,49.0,36.2,
1987-10-01,114.5,112.8,118.3,108.7,,104.1,,,5.35,94.9,71.1,19.86,,109.7,103.1,49.0,38.9,
1987-11-01,114.5,112.7,118.6,108.1,,104.1,,,5.36,96.3,70.8,18.85,,109.8,103.1,37.5,39.0,
1987-12-01,115.1,113.4,118.9,108.2,,104.0,90.1,,5.37,95.7,69.5,17.28,,108.9,103.4,43.9,38.5,
1988-01-01,115.6,113.9,119.3,109.3,,105.3,,,5.4,97.3,67.2,17.13,,110.5,103.9,54.6,35.2,
1988-02-01,115.6,113.7,119.7,109.1,,105.3,,,5.4,97.9,66.7,16.8,,109.4,104.0,50.1,31.9,
1988-03-01,115.8,113.7,120.2,109.6,,105.8,91.4,,5.41,98.2,65.9,16.2,,110.1,104.7,45.6,34.8,
1988-04-01,116.4,114.4,120.7,110.1,,106.4,,,5.45,99.2,67.6,17.86,,110.3,105.0,57.1,35.6,
1988-05-01,116.9,114.9,121.0,111.2,,108.1,,,5.49,102.2,68.4,17.42,,111.2,105.5,52.7,39.7,
1988-06-01,117.6,115.7,121.5,113.5,,111.2,91.4,,5.49,106.8,68.6,16.53,,112.3,107.3,60.1,42.9,
1988-07-01,118.8,117.3,122.1,115.0,,112.9,,,5.52,109.1,68.0,15.5,,113.6,108.5,53.2,62.1,
1988-08-01,119.4,118.1,122.5,114.5,,112.7,,,5.52,109.3,67.6,15.52,,113.6,108.4,61.6,55.1,
1988-09-01,120.1,118.9,123.0,115.4,,114.0,90.6,,5.55,111.6,66.1,14.54,,115.1,109.5,58.6,47.8,
1988-10-01,120.3,119.1,123.4,115.0,,113.5,,,5.57,110.9,64.5,13.77,,114.6,109.6,54.5,45.6,
1988-11-01,120.5,119.2,123.7,114.8,,112.4,,,5.61,107.9,64.4,14.14,,114.9,109.6,53.4,49.1,
1988-12-01,121.1,119.8,124.1,115.0,,112.9,91.8,,5.62,108.9,65.6,16.38,,115.1,109.5,54.2,57.9,
1989-01-01,121.6,120.3,124.8,116.6,,115.0,94.6,,5.65,112.0,68.1,18.02,,116.7,110.8,55.2,51.3,
1989-02-01,122.5,121.3,125.3,116.6,,114.6,92.2,,5.67,110.8,68.9,17.94,,117.2,110.9,54.6,43.8,
1989-03-01,123.2,122.3,125.7,117.5,,116.1,91.5,,5.68,113.8,69.9,19.48,,118.3,111.9,51.6,45.3,
1989-04-01,123.9,123.1,126.2,117.2,,115.0,90.8,,5.73,111.0,74.2,21.07,,117.7,111.6,45.1,40.4,
1989-05-01,124.7,124.1,126.7,117.9,,116.8,92.6,,5.72,115.1,76.0,20.12,,119.1,112.2,43.3,39.4,
1989-06-01,125.1,124.5,127.1,117.4,,115.4,89.8,,5.74,111.8,75.8,20.05,,118.6,112.1,41.0,32.3,
1989-07-01,125.6,124.9,127.7,118.1,,115.5,88.9,,5.78,110.5,75.5,19.78,,119.0,112.5,36.3,32.1,
1989-08-01,125.9,125.2,128.0,117.9,,115.0,87.2,,5.79,109.3,72.0,18.58,,118.7,112.3,32.9,20.2,
1989-09-01,126.3,125.4,128.7,117.9,,114.5,86.1,,5.8,108.0,73.9,19.59,,118.5,112.4,20.8,25.4,
1989-10-01,126.8,126.0,129.1,117.9,,114.5,85.5,,5.83,107.8,73.7,20.1,,119.5,112.3,20.7,8.3,
1989-11-01,127.4,126.6,129.5,118.9,,115.5,84.7,,5.84,109.0,72.8,19.86,,120.1,113.2,27.8,19.6,
1989-12-01,127.8,127.1,129.9,119.3,,116.6,87.6,,5.88,111.5,73.7,21.1,,121.1,113.7,19.9,8.1,
1990-01-01,129.7,129.8,130.4,120.2,,118.3,90.5,,5.89,114.9,79.8,22.86,,123.9,114.4,21.3,27.9,
1990-02-01,130.8,131.3,131.1,120.0,,118.4,91.3,,5.91,115.7,77.0,22.11,,124.6,114.6,22.1,6.7,
1990-03-01,131.0,131.1,131.8,120.9,,118.9,90.0,,5.94,115.3,74.6,20.39,,124.4,115.2,27.0,24.1,
1990-04-01,130.8,130.5,132.4,121.2,,118.5,89.5,,5.99,113.3,73.4,18.43,,123.2,115.4,29.3,32.9,
1990-05-01,131.1,130.6,133.0,123.5,,120.1,88.5,,6.02,113.7,74.1,18.2,,124.5,116.9,26.7,25.4,
1990-06-01,132.1,131.9,133.4,122.8,,119.6,90.5,,6.04,113.6,72.8,16.7,,124.2,116.9,5.9,31.1,
1990-07-01,132.8,132.8,133.8,123.2,,120.0,90.3,,6.06,113.8,72.7,18.45,,124.9,117.3,26.6,12.7,
1990-08-01,133.2,133.2,134.2,123.0,,119.1,91.1,,6.07,111.4,82.4,27.31,,124.9,117.2,16.3,17.7,
1990-09-01,133.6,133.6,134.5,122.4,,117.9,91.9,,6.07,109.2,91.3,33.51,,124.2,116.9,41.9,22.9,
1990-10-01,134.1,134.2,135.0,122.2,,117.9,92.4,,6.08,109.5,101.0,36.04,,124.6,116.9,42.0,20.9,
1990-11-01,134.5,134.6,135.4,121.7,,117.3,90.9,,6.1,108.5,97.4,32.33,,125.0,116.4,39.0,24.4,
1990-12-01,134.6,134.4,135.8,121.7,,116.8,93.5,,6.11,107.2,90.5,27.28,,124.2,116.3,39.1,18.9,
1991-01-01,135.0,135.0,136.0,122.1,,117.0,94.3,,6.12,106.9,90.1,25.23,,124.8,116.7,14.5,12.1,
1991-02-01,135.1,135.0,136.3,122.3,,117.1,93.3,,6.13,106.9,83.0,20.48,,124.6,116.9,8.9,24.6,
1991-03-01,135.3,135.2,136.5,122.6,,118.3,94.4,,6.14,109.7,78.5,19.9,,125.2,117.2,7.0,19.8,
1991-04-01,136.1,136.2,137.0,122.5,,118.1,94.8,,6.22,109.6,78.1,20.83,,125.3,117.1,11.6,22.9,
1991-05-01,136.6,136.7,137.5,122.3,,118.3,94.9,,6.23,110.4,80.2,21.23,,125.8,116.8,0.0,14.0,
1991-06-01,137.4,137.7,137.8,121.9,,117.6,94.5,,6.23,109.1,80.3,20.19,,125.3,116.6,4.2,25.2,
1991-07-01,136.7,136.3,138.3,121.6,,116.3,93.9,,6.23,105.6,80.1,21.4,,124.5,116.3,5.2,31.0,
1991-08-01,136.2,135.3,138.6,121.4,,115.2,93.8,,6.24,102.9,81.3,21.69,,123.3,116.1,9.2,35.0,
1991-09-01,136.4,135.4,138.9,121.1,,115.1,93.9,,6.26,103.1,81.4,21.89,,122.7,115.9,8.0,31.2,
1991-10-01,136.2,135.0,139.1,121.9,,115.1,94.2,,6.26,101.5,81.3,23.23,,123.0,116.5,13.8,29.0,
1991-11-01,136.7,135.8,139.3,121.4,,114.8,94.4,,6.28,101.6,81.2,22.46,,123.0,116.2,7.6,32.7,
1991-12-01,137.0,136.0,139.6,121.4,,114.5,95.6,,6.3,100.6,79.1,19.5,,122.3,116.0,9.6,22.9,
1992-01-01,136.6,135.2,139.8,121.3,,115.2,96.8,,6.31,102.8,76.3,18.79,57.73063636179108,122.5,116.0,-2.4,19.4,
1992-02-01,137.1,136.0,140.0,121.7,,116.3,96.7,,6.32,105.5,76.8,19.01,57.83864076602855,123.4,116.3,5.0,20.3,
1992-03-01,137.6,136.6,140.1,121.8,,116.7,97.6,,6.33,106.4,75.8,18.92,57.46512852029362,123.3,116.5,13.2,19.6,
1992-04-01,137.5,136.4,140.2,122.0,,115.8,94.6,,6.34,103.2,77.1,20.23,56.2076315417179,122.8,116.5,8.9,22.7,
1992-05-01,137.2,135.9,140.4,122.5,,117.0,92.3,,6.33,105.8,79.7,20.98,57.68548123828825,123.1,117.3,16.8,20.8,
1992-06-01,137.6,136.3,140.6,123.0,,116.9,92.6,,6.35,104.7,83.2,22.39,57.28898007072281,123.1,117.5,13.1,20.2,
1992-07-01,137.4,136.1,140.7,122.4,,115.8,92.8,,6.38,102.5,83.3,21.78,57.76628490269115,122.8,117.2,10.2,20.5,
1992-08-01,138.4,137.4,140.9,122.1,,115.4,92.6,,6.39,102.2,82.8,21.34,59.72197070401999,123.4,117.1,14.4,17.5,
1992-09-01,138.9,138.2,141.2,122.1,,115.3,92.8,,6.4,101.6,84.4,21.88,59.45378128514784,123.3,117.2,7.6,33.4,
1992-10-01,138.9,138.1,141.3,121.8,,115.4,93.1,,6.41,102.7,83.2,21.69,57.02928709881047,123.8,117.0,3.2,27.2,
1992-11-01,138.7,137.7,141.5,121.6,,115.0,94.0,,6.42,101.8,82.1,20.34,55.85083854039194,123.4,116.8,0.3,23.6,
1992-12-01,138.8,137.7,141.6,122.4,,116.2,93.0,,6.42,103.7,79.7,19.41,55.1363110393808,124.2,117.2,4.2,26.5,
1993-01-01,139.1,138.1,142.0,122.7,,116.6,93.2,,6.45,104.3,79.4,19.03,56.27057940462055,124.3,117.5,6.6,27.1,
1993-02-01,139.6,138.6,142.2,122.7,,116.6,91.8,,6.47,104.4,79.2,20.09,56.09203467341993,124.5,117.6,19.1,30.2,
1993-03-01,139.6,138.5,142.4,122.9,,117.5,91.3,,6.47,106.4,79.7,20.32,57.81650447056661,124.8,117.8,14.3,27.2,
1993-04-01,140.0,139.0,142.7,123.7,,119.1,92.3,,6.46,109.7,80.3,20.25,58.73832859820259,126.5,118.6,14.5,27.5,
1993-05-01,141.0,140.5,142.9,124.2,,119.8,92.7,,6.47,111.0,81.9,19.95,59.65322298793166,126.9,119.0,17.7,25.8,
1993-06-01,140.6,139.7,143.2,124.0,,117.5,93.4,,6.46,104.3,83.2,19.09,59.02661661520023,125.4,118.9,15.1,14.2,
1993-07-01,140.6,139.6,143.4,124.3,,118.0,93.5,,6.46,105.4,81.0,17.89,59.29541967797934,125.0,119.1,17.7,15.7,
1993-08-01,141.1,140.3,143.6,124.3,,118.4,95.0,,6.47,106.6,80.2,18.01,58.52041538384119,125.4,119.1,8.5,20.1,
1993-09-01,141.4,140.6,143.8,124.3,,118.3,95.7,,6.48,106.3,80.9,17.5,58.20702718416666,125.7,119.0,12.4,13.1,
1993-10-01,142.0,141.4,144.0,124.5,,117.7,96.8,,6.5,104.2,81.2,18.15,57.63115124810174,125.4,119.0,3.0,19.5,
1993-11-01,142.3,141.8,144.2,124.8,,119.9,95.7,,6.54,110.1,78.3,16.61,58.18536854934217,126.6,119.4,11.8,14.4,
1993-12-01,142.8,142.5,144.3,125.4,,121.3,95.9,,6.54,113.0,74.7,14.52,59.72541472588712,127.2,119.8,12.3,25.6,
1994-01-01,142.9,142.7,144.5,126.0,,121.4,96.4,,6.55,112.0,75.4,15.03,60.81465567535886,127.0,120.0,22.7,21.9,
1994-02-01,142.7,142.3,144.6,126.2,,121.6,95.8,,6.55,112.3,75.4,14.78,61.48419242082565,126.7,120.5,27.7,27.4,
1994-03-01,142.7,142.1,144.8,126.8,,122.2,96.7,,6.56,112.8,76.0,14.68,60.72172467390282,127.5,121.0,15.9,27.6,
1994-04-01,143.0,142.3,145.1,126.6,,121.6,98.0,,6.58,111.5,76.4,16.42,60.45935812163029,127.1,120.9,33.1,16.4,
1994-05-01,143.3,142.8,145.3,126.1,,120.3,99.7,,6.6,108.7,77.2,17.89,60.17258597763569,126.6,120.6,28.1,26.1,
1994-06-01,143.8,143.4,145.5,125.4,,119.3,102.0,,6.63,107.2,79.5,19.06,59.47544886582671,125.9,119.8,31.5,29.2,
1994-07-01,144.6,144.6,145.6,124.9,,117.5,106.4,,6.63,102.8,80.6,19.66,58.45053120732652,126.2,119.7,36.6,33.2,
1994-08-01,145.1,145.3,145.9,125.2,,117.1,108.9,,6.64,101.0,82.0,18.38,58.64340279797508,126.6,120.1,46.1,40.5,
1994-09-01,145.3,145.4,146.2,125.0,,117.1,109.8,,6.66,101.3,79.9,17.45,59.34837568700767,126.3,119.9,44.5,28.2,
1994-10-01,145.3,145.3,146.4,124.5,,115.9,111.4,,6.67,98.8,77.4,17.72,59.19566178217493,126.1,119.6,51.8,27.8,
1994-11-01,145.6,145.5,146.8,124.7,,116.9,109.8,,6.67,101.4,77.5,18.07,58.73868438941793,126.9,119.6,54.9,31.7,
1994-12-01,146.8,147.3,147.1,124.3,,118.1,110.0,,6.74,105.5,76.6,17.16,60.73217561093251,128.6,119.4,43.4,31.1,
1995-01-01,146.7,147.0,147.4,125.2,,118.0,110.8,,6.68,103.6,76.8,18.04,60.1452047265631,127.9,120.2,54.8,31.1,
1995-02-01,147.3,147.7,147.6,125.9,,118.9,108.6,,6.72,104.9,76.8,18.57,60.72842988071877,128.4,120.8,47.4,27.0,
1995-03-01,147.1,147.1,148.1,126.2,,119.2,111.5,,6.74,105.1,76.8,18.54,60.7211295147093,128.7,121.1,42.3,25.3,
1995-04-01,148.1,148.7,148.3,125.6,,118.7,108.7,,6.75,104.8,78.5,19.9,59.90449575278002,128.7,120.5,32.6,23.6,
1995-05-01,148.2,148.7,148.6,125.0,,117.5,109.9,,6.79,102.6,80.0,19.74,59.61581970587294,128.0,120.3,30.9,11.7,
1995-06-01,148.3,148.7,148.8,125.3,,118.3,109.0,,6.79,104.2,81.0,18.45,61.68112090271146,127.4,120.4,25.7,22.5,
1995-07-01,148.5,148.8,149.1,126.7,,119.9,109.7,,6.82,106.2,79.2,17.33,64.25049101718818,128.5,121.4,23.1,14.8,
1995-08-01,148.6,148.8,149.4,127.5,,120.0,110.1,,6.82,105.1,78.3,18.02,63.98600552542734,128.8,122.0,17.0,23.3,
1995-09-01,149.1,149.5,149.6,127.8,,122.1,108.6,,6.83,110.7,78.3,18.23,64.23662771071407,130.1,122.4,13.9,30.1,
1995-10-01,149.5,149.9,150.0,128.9,,122.7,107.1,,6.82,110.2,76.8,17.43,65.49184059633303,129.9,123.2,24.9,20.0,
1995-11-01,149.6,149.8,150.2,130.0,,125.2,107.9,,6.84,115.4,75.9,17.99,64.47413120366456,131.1,123.8,9.9,15.9,
1995-12-01,149.9,150.3,150.4,130.2,,125.6,107.0,,6.85,116.5,77.9,19.03,65.27741807019116,131.0,124.2,2.3,11.6,
1996-01-01,150.4,150.9,150.6,130.0,,125.5,104.6,,6.86,116.4,80.6,18.86,65.59182529919036,130.7,124.2,12.3,5.5,
1996-02-01,150.8,151.3,150.9,130.3,,125.8,107.6,,6.87,116.6,80.9,19.09,67.18382498580726,130.7,124.4,-1.2,6.1,
1996-03-01,151.4,152.2,151.2,130.3,,126.7,106.2,,6.88,119.5,82.0,21.33,67.90426327871609,132.0,124.3,-0.1,8.8,
1996-04-01,152.0,152.9,151.6,130.9,,127.9,109.7,,6.91,121.7,86.2,23.5,72.0317631837102,131.2,124.6,11.1,10.9,
1996-05-01,151.9,152.5,152.0,132.7,,131.2,110.3,,6.93,128.1,86.6,21.17,73.99885751934924,131.5,126.3,11.3,17.9,
1996-06-01,152.9,153.9,152.3,134.0,,132.5,107.4,,6.97,129.6,85.2,20.42,71.53309709376164,133.6,127.6,15.2,17.6,
1996-07-01,153.4,154.4,152.8,134.8,,133.2,106.0,,7.0,129.9,85.9,21.3,72.33384976769958,133.9,128.3,11.9,17.1,
1996-08-01,153.9,155.0,153.1,136.1,,133.6,105.1,,7.02,128.6,86.8,21.9,71.44337210509019,135.3,129.7,7.0,13.4,
1996-09-01,154.6,155.9,153.5,136.0,,132.4,107.1,,7.04,125.1,87.1,23.97,65.7726706102948,135.6,129.7,15.9,17.1,
1996-10-01,155.5,156.9,154.2,136.0,,130.8,107.3,,7.11,120.2,86.8,24.88,63.4770877424893,136.6,129.8,19.3,11.5,
1996-11-01,156.1,157.6,154.7,134.7,,129.1,106.8,,7.12,117.9,88.5,23.71,62.86688522407294,136.1,128.5,13.3,11.0,
1996-12-01,156.3,157.7,155.0,134.2,,127.8,105.6,,7.15,114.8,93.3,25.23,63.01557272722033,135.5,128.2,11.6,12.6,
1997-01-01,155.9,156.9,155.3,133.4,,126.7,105.5,,7.17,113.0,96.1,25.13,64.36537206537236,134.1,127.4,7.8,16.7,
1997-02-01,156.5,157.7,155.6,132.9,,126.3,107.4,,7.19,113.0,90.3,22.18,64.43982211233367,133.8,127.1,12.2,15.2,
1997-03-01,156.6,157.6,156.0,134.5,,128.4,110.6,,7.22,116.2,83.4,20.97,65.14516133005567,135.2,128.1,11.7,20.7,
1997-04-01,156.5,157.3,156.2,134.5,,128.6,108.6,,7.23,116.7,82.2,19.7,65.14262140760972,134.3,128.3,16.8,13.7,
1997-05-01,156.6,157.5,156.3,135.4,,129.4,110.0,,7.26,117.4,83.4,20.82,64.68898771888287,135.2,128.9,15.3,6.6,
1997-06-01,156.9,157.7,156.6,134.3,,126.8,111.2,,7.27,111.6,84.5,19.26,62.40255750495806,134.0,128.3,13.5,9.8,
1997-07-01,157.2,157.9,157.1,133.9,,126.5,108.4,,7.29,111.6,83.9,19.66,61.18954803526558,134.0,128.0,17.4,11.3,
1997-08-01,157.7,158.6,157.4,134.3,,126.7,108.2,,7.34,111.4,84.9,19.95,60.35604660596577,134.9,128.6,17.2,4.0,
1997-09-01,158.0,158.8,157.8,134.1,,126.5,108.7,,7.44,111.2,86.5,19.8,59.45982669047296,134.7,127.9,12.9,13.9,
1997-10-01,158.3,159.0,158.2,133.5,,126.1,107.8,,7.44,111.0,87.2,21.33,59.42979411432623,135.1,127.5,17.1,13.8,
1997-11-01,158.6,159.3,158.6,133.7,,126.2,106.8,,7.49,111.0,87.3,20.19,60.42586752296674,134.6,127.5,17.6,14.4,
1997-12-01,158.7,159.3,159.0,133.1,,125.5,107.0,,7.5,110.3,83.0,18.33,58.94582125259545,134.4,127.1,20.3,18.1,
1998-01-01,159.5,160.3,159.2,131.3,,123.0,106.6,,7.52,106.3,78.6,16.72,68.52279136132194,133.1,125.8,16.3,12.1,
1998-02-01,159.4,160.0,159.6,131.7,,123.3,105.5,,7.54,106.3,76.6,16.06,67.97808478894929,133.6,126.0,11.2,12.0,
1998-03-01,159.7,160.2,159.9,130.9,,123.2,105.4,,7.58,107.4,74.6,15.12,68.62730873468237,133.4,125.5,9.9,8.2,
1998-04-01,159.7,160.2,160.2,130.8,,122.8,106.3,,7.62,106.5,75.8,15.35,70.73625324318947,133.8,125.5,3.0,9.7,
1998-05-01,160.3,160.8,160.6,131.5,,123.0,105.1,,7.62,105.8,77.0,14.91,71.10772406044715,133.6,125.9,2.8,10.9,
1998-06-01,160.2,160.5,160.7,131.5,,123.0,105.9,,7.67,105.7,76.4,13.72,69.05286745054374,133.8,126.4,2.9,8.3,
1998-07-01,160.6,160.9,161.1,131.9,,123.0,105.0,,7.69,105.0,77.2,14.17,66.21298272462938,134.7,126.6,-4.6,9.6,
1998-08-01,161.0,161.4,161.5,132.6,,122.8,102.5,,7.72,102.9,74.8,13.47,63.86539835242043,135.2,127.4,-7.6,5.7,
1998-09-01,161.1,161.2,162.1,132.1,,122.2,104.0,,7.74,102.0,74.3,15.03,62.97581647373718,135.4,127.1,-4.9,-3.1,
1998-10-01,162.0,162.5,162.3,131.8,,122.8,105.1,,7.75,104.8,74.2,14.46,64.77094603074175,135.5,126.6,-9.7,1.2,
1998-11-01,162.2,162.7,162.6,132.0,,122.5,103.8,,7.76,103.1,73.2,13.0,65.63807868405507,134.9,126.6,-9.2,4.5,
1998-12-01,162.4,162.8,163.0,131.1,,120.5,103.7,,7.78,99.0,70.4,11.35,63.73366037383609,134.5,126.1,-8.1,2.8,
1999-01-01,163.0,163.4,163.5,131.9,,122.1,104.6,,7.82,102.2,70.1,12.52,64.62308060959106,135.6,126.6,-7.6,4.4,
1999-02-01,163.3,163.8,163.8,131.0,,120.1,101.7,,7.85,98.3,68.6,12.01,59.72304228335513,134.1,125.8,-6.8,2.9,
1999-03-01,163.3,163.4,164.2,130.8,,120.3,101.5,,7.86,99.2,70.0,14.68,57.92984395684508,134.7,125.6,0.8,3.4,
1999-04-01,163.5,163.6,164.5,129.1,,118.3,102.5,,7.9,96.5,75.5,17.31,59.16355784062131,133.4,124.3,2.2,-2.8,
1999-05-01,163.8,164.0,164.6,130.3,,120.1,103.4,,7.91,99.6,78.9,17.72,59.72051593027451,134.5,125.3,2.6,1.1,
1999-06-01,163.7,163.9,164.6,130.8,,120.4,102.2,,7.94,99.2,80.1,17.92,57.96245651476744,135.1,126.0,9.0,4.7,
1999-07-01,163.9,163.9,165.1,130.5,,118.8,101.2,,7.97,95.2,82.8,20.1,56.28737452121009,134.6,125.9,14.9,1.8,
1999-08-01,164.2,164.1,165.6,131.8,,120.9,100.9,,8.0,99.0,86.5,21.28,57.94487235722059,135.9,126.8,12.4,13.6,
1999-09-01,164.6,164.7,165.8,132.5,,121.5,100.7,,8.01,99.3,90.2,23.8,58.68711126600877,136.7,127.5,11.5,10.9,
1999-10-01,165.0,165.1,166.2,132.4,,120.8,100.0,,8.05,97.5,86.6,22.69,58.34438530986347,135.8,127.5,27.3,15.8,
1999-11-01,165.3,165.4,166.5,131.8,,120.5,101.4,,8.08,97.8,89.4,25.0,57.34881680752557,135.4,127.1,26.9,11.5,
1999-12-01,165.5,165.5,166.8,130.9,,119.7,103.4,,8.12,96.9,87.0,26.1,57.64049469226303,135.6,126.7,26.1,14.9,
2000-01-01,165.6,165.3,167.2,131.0,,119.3,102.1,,8.11,95.9,88.4,27.26,58.49121633912994,135.0,126.7,25.0,24.3,
2000-02-01,166.2,166.1,167.6,131.7,,120.4,101.7,,8.18,97.5,93.1,29.37,59.23962096032029,136.0,127.2,38.5,20.7,
2000-03-01,166.5,166.4,167.9,132.1,,121.7,101.0,,8.22,100.6,96.1,29.84,60.33197192094705,136.0,127.4,30.1,21.2,
2000-04-01,166.7,166.6,168.1,133.2,,122.7,101.8,,8.26,101.6,93.7,25.72,63.08571549598677,137.3,128.1,30.4,13.0,
2000-05-01,167.3,167.4,168.3,134.3,,124.2,100.3,,8.28,103.7,96.6,28.79,62.16453215737475,138.2,129.3,29.0,18.3,
2000-06-01,167.4,167.5,168.6,134.2,,122.9,99.4,,8.31,100.1,107.4,31.82,59.97514112844783,137.6,129.4,27.3,18.8,
2000-07-01,168.3,168.5,169.1,134.1,,121.9,99.3,,8.34,97.3,107.1,29.7,58.08297249581922,137.5,129.4,27.4,10.0,
2000-08-01,168.7,169.0,169.5,133.2,,120.4,99.6,,8.36,94.6,105.1,31.26,57.03836238533963,137.2,128.7,27.7,16.9,
2000-09-01,168.9,169.1,170.0,132.9,,121.4,98.9,,8.41,98.0,112.7,33.88,56.5463691961975,137.4,128.5,24.2,19.1,
2000-10-01,169.0,169.0,170.3,133.1,,122.3,98.9,,8.44,100.3,113.7,33.11,56.21154962352676,138.0,128.7,26.2,10.6,
2000-11-01,169.2,169.2,170.4,133.1,,122.7,97.6,,8.47,101.5,112.0,34.42,56.86624248415282,138.2,128.8,23.1,15.0,
2000-12-01,170.0,170.2,170.8,134.1,,124.0,99.3,,8.46,103.4,116.5,28.44,60.20926607030659,137.9,129.6,17.6,7.5,
2001-01-01,170.3,170.4,171.4,134.8,,124.8,99.1,,8.45,104.5,131.8,29.59,58.57516803919697,138.6,130.3,15.2,13.4,
2001-02-01,171.2,171.6,171.8,135.6,,125.0,98.0,,8.5,103.6,119.6,29.61,57.55857339609752,140.0,130.8,12.2,13.5,
2001-03-01,171.7,172.1,172.3,136.3,,126.7,98.9,,8.53,107.3,111.3,27.25,58.97848456826988,141.1,131.8,11.2,9.7,
2001-04-01,172.1,172.5,172.7,137.1,,126.8,97.0,,8.53,106.0,113.3,27.49,59.40708623177548,141.8,132.5,4.1,12.4,
2001-05-01,172.4,172.8,173.1,137.8,,127.6,96.6,,8.55,106.8,114.5,28.63,60.8931744904862,142.3,133.4,-0.7,14.8,
2001-06-01,173.1,173.5,173.6,138.0,,127.4,95.4,,8.57,105.9,109.2,27.6,60.66986996492915,142.0,133.7,14.5,10.2,
2001-07-01,173.6,174.0,174.1,138.5,,127.4,94.4,,8.57,105.0,100.7,26.43,62.21963129926255,141.4,134.0,-2.4,11.9,
2001-08-01,174.0,174.4,174.7,139.5,,128.2,94.5,,8.61,105.5,101.0,27.37,62.26711640795844,142.6,134.6,-10.6,12.4,
2001-09-01,174.2,174.4,175.1,139.3,,128.0,95.0,,8.61,105.3,100.7,26.2,60.19539945464508,142.9,134.5,-13.9,8.0,
2001-10-01,174.8,175.1,175.6,138.5,,126.2,94.5,,8.62,101.2,89.2,22.17,59.02392803940219,142.2,134.1,-16.6,12.9,
2001-11-01,174.9,175.1,175.8,136.7,,123.7,95.2,,8.63,97.3,89.1,19.64,57.80647071057475,140.7,132.4,-14.1,8.0,
2001-12-01,174.7,174.7,176.0,135.8,,122.8,94.6,,8.64,96.6,82.6,19.39,57.53542464145339,140.4,131.7,-9.5,15.1,
2002-01-01,175.3,175.4,176.4,135.7,,123.9,95.7,,8.68,99.9,84.0,19.72,59.19187905094589,141.1,131.5,-4.1,15.9,
2002-02-01,175.7,175.7,177.0,136.5,,125.1,93.8,,8.68,101.8,82.5,20.72,59.46107346621561,142.3,132.0,-5.6,15.9,
2002-03-01,176.1,176.2,177.1,136.4,,125.9,95.0,,8.71,104.4,87.4,24.53,62.29049623577795,143.4,132.0,-0.8,17.5,
2002-04-01,176.4,176.7,177.2,135.8,,122.0,96.0,,8.74,94.3,93.7,26.18,62.46522285603507,139.2,131.5,3.4,23.2,
2002-05-01,175.8,175.5,177.6,135.3,,122.5,97.2,,8.77,96.6,93.4,27.04,61.73731665261554,139.4,130.9,15.8,22.3,
2002-06-01,175.9,175.2,178.2,135.6,,122.6,96.2,,8.81,96.2,92.9,25.52,61.13906415697191,139.8,131.3,21.0,23.6,
2002-07-01,176.1,175.3,178.5,136.2,,123.5,96.9,,8.84,97.9,93.5,26.97,63.14100712131733,139.8,131.5,22.4,26.7,
2002-08-01,176.1,175.1,178.8,136.0,,124.0,96.9,,8.86,99.7,94.5,28.39,62.96542199254587,139.3,131.3,22.2,9.0,
2002-09-01,176.5,175.4,179.2,136.3,,124.2,99.7,,8.86,99.8,97.5,29.66,63.54949922562086,138.7,136.1,18.7,13.4,
2002-10-01,176.4,175.0,179.6,136.4,,124.1,100.0,,8.88,99.1,99.7,28.84,66.07259024811337,139.2,131.6,19.3,20.9,
2002-11-01,176.9,175.7,179.8,136.5,,124.1,99.9,,8.91,99.1,99.5,26.35,64.73099225329732,139.2,131.6,16.9,10.3,
2002-12-01,177.1,175.9,180.1,137.5,,124.8,100.2,,8.96,99.1,99.4,29.46,65.67791274192078,139.5,132.6,17.3,19.4,
2003-01-01,177.1,176.0,179.9,139.2,,127.5,101.3,,8.94,104.1,106.5,32.95,65.98065285687913,142.0,133.9,12.4,8.3,
2003-02-01,178.1,177.2,180.7,139.9,,128.2,101.4,,9.01,104.6,114.9,35.83,66.24496294743338,142.3,134.5,16.9,4.8,
2003-03-01,178.4,177.5,181.0,140.1,,128.1,102.6,,8.96,104.0,129.6,33.51,66.0092443007477,142.8,134.8,21.5,19.1,
2003-04-01,178.5,177.6,181.1,140.7,,129.0,102.5,,8.96,105.6,110.0,28.17,67.5563334007206,144.0,135.1,20.3,15.6,
2003-05-01,178.8,177.9,181.5,141.4,,130.7,101.3,,8.99,109.2,108.5,28.11,67.99373542566089,144.6,135.7,7.1,5.0,
2003-06-01,179.7,179.2,181.9,143.2,,131.2,100.7,,9.01,107.3,114.3,30.66,67.57511231036978,145.2,137.1,7.6,10.7,
2003-07-01,179.8,179.0,182.3,142.7,,130.3,101.5,,9.03,105.5,114.0,30.76,64.77631513676297,144.9,137.0,-0.4,10.0,
2003-08-01,180.5,180.0,182.6,143.6,,132.1,101.3,,9.02,109.0,113.7,31.57,65.16264453437338,146.3,137.8,16.0,9.4,
2003-09-01,180.9,180.5,182.8,145.2,,135.6,101.8,,9.03,116.1,113.0,28.31,71.38904960914611,148.0,139.0,19.9,11.3,
2003-10-01,181.6,181.4,183.3,148.5,,140.6,101.9,,9.02,124.4,110.7,30.34,74.8921505794627,151.0,141.8,22.7,13.4,
2003-11-01,182.6,182.7,183.8,148.2,,140.1,102.4,,9.03,123.7,108.6,31.11,72.4592359521888,150.1,141.5,25.1,19.4,
2003-12-01,183.5,183.9,184.3,147.5,,139.9,103.2,,9.07,124.3,111.0,32.13,71.7805897968855,150.3,141.1,31.0,21.6,
2004-01-01,183.4,183.3,184.9,146.4,,136.8,103.7,,9.08,117.4,118.9,34.31,73.39696702612349,148.1,139.3,33.2,34.1,
2004-02-01,183.9,183.7,185.5,147.3,,138.4,105.3,,9.12,120.4,118.0,34.69,73.97272037174724,148.4,140.4,45.0,34.9,
2004-03-01,184.2,184.1,185.8,149.4,,142.8,105.9,,9.12,129.1,117.5,36.74,78.63002584604243,150.7,142.4,54.2,29.9,
2004-04-01,184.6,184.3,186.2,153.3,,145.6,107.2,,9.1,129.6,120.4,36.75,80.21961494499378,152.7,146.1,50.0,18.4,
2004-05-01,186.1,186.6,186.7,156.1,,149.3,106.8,,9.1,135.1,126.0,40.28,81.1688450825279,155.5,149.1,55.5,31.0,
2004-06-01,186.4,187.0,187.0,155.8,,147.2,106.9,,9.1,129.7,127.8,38.03,77.8016635321625,155.0,148.6,53.9,31.0,
2004-07-01,186.8,187.2,187.8,153.3,,143.8,107.5,,9.14,124.4,129.4,40.78,75.14193133802131,152.3,146.5,51.5,33.5,
2004-08-01,187.0,187.0,188.4,151.4,,140.6,107.3,,9.15,119.0,130.7,44.9,71.04796704940337,152.2,144.6,55.6,39.6,
2004-09-01,186.9,186.4,188.9,150.4,,139.9,108.7,,9.18,118.7,127.7,45.94,71.80718923016383,152.7,143.8,54.6,35.4,
2004-10-01,187.8,187.7,189.4,150.3,,140.0,110.0,,9.24,119.2,134.6,53.28,71.17500073880996,155.1,143.5,55.4,40.4,
2004-11-01,188.4,188.6,189.6,150.1,,139.5,110.3,,9.26,118.0,139.7,48.47,73.01656511858886,154.7,143.3,52.2,41.0,
2004-12-01,188.4,188.4,189.9,151.1,,140.2,111.5,,9.26,118.4,132.7,43.15,76.91137757361693,154.9,144.2,52.7,37.7,
2005-01-01,188.7,188.1,190.8,151.8,,140.6,111.1,,9.28,118.8,132.3,46.84,76.59319205029195,154.2,144.7,62.7,33.7,
2005-02-01,188.6,187.7,191.4,152.3,,140.5,112.2,,9.29,117.6,134.2,48.15,79.01171412598794,155.4,145.0,47.9,38.8,
2005-03-01,189.1,188.1,191.7,153.4,,143.0,115.9,,9.3,123.0,140.9,54.19,80.92714033519346,156.3,146.0,35.8,26.3,
2005-04-01,190.4,190.0,192.1,153.3,,142.2,115.6,,9.33,120.7,146.5,52.98,78.4962605355054,156.3,146.3,49.9,37.8,
2005-05-01,190.6,190.2,192.6,154.3,,143.1,115.5,,9.34,121.5,143.7,49.83,79.58037199383492,156.7,147.1,28.9,17.6,
2005-06-01,190.5,189.6,193.2,153.2,,141.3,114.1,,9.36,118.3,146.0,56.35,75.95334160099567,155.5,146.4,24.8,26.7,
2005-07-01,190.9,190.0,193.6,153.0,,140.4,113.7,,9.38,116.3,154.8,59.0,75.49348565401134,154.4,146.3,27.0,23.1,
2005-08-01,191.1,189.8,194.2,152.7,,139.6,114.1,,9.4,114.5,160.7,64.99,74.01141252648011,154.0,146.0,26.4,28.5,
2005-09-01,191.5,190.2,194.6,153.1,,140.7,114.2,,9.46,116.8,177.6,65.59,74.21394886932605,155.8,146.3,50.4,32.3,
2005-10-01,192.0,190.6,195.2,153.9,,140.8,115.1,,9.45,115.7,190.7,62.26,73.92629376586547,155.8,146.7,23.6,21.9,
2005-11-01,192.6,191.4,195.6,153.2,,141.0,115.6,,9.46,117.5,177.4,58.32,73.24530245886402,156.3,146.1,54.1,40.4,
2005-12-01,192.9,191.7,196.0,153.5,,142.4,117.5,,9.49,121.1,172.1,59.41,74.34637157292467,157.5,146.2,49.5,31.6,
2006-01-01,193.6,192.5,196.6,153.6,,141.2,119.2,,9.45,117.4,175.6,65.49,75.7516512550363,157.1,146.4,43.8,23.9,
2006-02-01,193.7,192.2,197.2,152.6,,138.6,116.7,,9.56,111.9,163.5,61.63,77.44404292367643,153.8,145.1,36.5,27.7,
2006-03-01,194.0,192.3,197.6,152.6,,138.3,117.0,11.49,9.6,111.0,163.8,62.69,78.30811030836476,154.4,145.2,25.8,33.0,
2006-04-01,193.8,191.8,198.0,152.2,,138.1,116.2,11.56,9.65,111.3,170.5,69.44,81.58347901272094,154.8,144.1,31.8,20.8,
2006-05-01,194.1,191.8,198.7,152.5,,137.8,118.1,11.64,9.7,109.8,172.9,70.84,87.76070113103285,154.2,144.7,51.8,33.4,
2006-06-01,194.7,192.4,199.2,153.8,,140.1,118.0,11.7,9.73,113.8,171.5,70.95,85.51336089819551,156.1,146.4,43.5,29.5,
2006-07-01,195.2,192.8,199.7,154.4,,141.1,118.1,11.75,9.76,115.5,173.4,74.41,84.72245850500711,156.4,147.4,44.2,32.2,
2006-08-01,195.7,193.4,200.2,153.7,,141.7,120.6,11.78,9.83,118.5,176.6,73.04,82.9244744836214,158.3,147.5,43.7,25.2,
2006-09-01,196.3,194.3,200.5,154.6,,142.8,120.9,11.84,9.83,120.3,163.8,63.8,82.47412408539681,159.2,147.9,38.0,21.0,
2006-10-01,196.9,194.8,201.1,154.3,,143.7,121.1,11.93,9.89,123.2,148.5,58.89,82.77244510820645,158.4,147.6,30.2,27.3,
2006-11-01,197.0,194.6,201.6,155.5,,144.9,121.6,11.97,9.95,124.5,158.4,59.08,84.69967980560098,157.9,149.0,27.0,19.6,
2006-12-01,197.1,194.4,202.2,156.2,,146.2,122.6,12.0,10.0,127.0,161.8,61.96,84.94637939526002,160.1,149.8,23.9,30.0,
2007-01-01,198.378,195.918,203.171,158.2,,147.5,124.5,12.07,10.09,127.1,152.4,54.51,86.6130826369928,161.1,151.6,16.0,28.1,18.7
2007-02-01,199.736,197.735,203.909,160.6,,152.9,124.8,12.14,10.17,137.5,160.2,59.28,88.4663337027284,163.9,153.8,21.4,16.4,25.9
2007-03-01,200.432,198.816,204.082,162.4,,155.1,124.6,12.18,10.21,140.6,167.9,60.44,88.24770761411261,166.3,155.8,26.0,18.4,33.3
2007-04-01,200.952,199.25,204.725,163.4,,156.1,126.3,12.27,10.3,141.3,174.7,63.98,92.02116657722831,166.8,156.9,26.5,19.6,32.4
2007-05-01,201.735,200.237,205.233,164.8,,157.5,127.4,12.34,10.33,142.7,181.3,63.46,91.35795488740489,166.8,158.7,27.7,25.3,33.9
2007-06-01,202.557,201.151,205.934,166.2,,158.0,127.8,12.42,10.4,141.8,182.4,67.49,91.48008399117109,166.3,160.3,22.0,21.1,38.2
2007-07-01,203.232,201.596,206.931,166.2,,158.6,129.4,12.51,10.47,143.4,186.7,74.12,93.26827225677545,166.4,160.4,21.3,20.1,40.3
2007-08-01,204.008,202.338,207.756,166.6,,157.8,130.1,12.49,10.51,140.4,176.3,72.36,92.76849911120988,166.3,160.3,11.2,19.8,30.4
2007-09-01,205.003,203.3,208.805,167.5,,160.5,131.8,12.5,10.55,146.8,178.9,79.92,96.54717381560204,168.4,160.8,24.6,27.5,33.4
2007-10-01,205.651,204.081,209.275,167.5,,161.0,133.2,12.53,10.6,148.2,180.9,85.8,99.50212432707367,169.7,160.7,37.6,38.1,26.3
2007-11-01,206.493,205.119,209.854,168.0,,162.3,133.4,12.57,10.63,151.0,196.9,94.77,100.6636069173593,169.5,161.4,42.4,35.9,27.5
2007-12-01,206.874,205.503,210.233,169.4,,166.0,134.4,12.72,10.67,159.6,192.6,91.69,105.8831050051967,172.2,162.8,40.5,31.2,22.0
2008-01-01,208.126,207.1,211.07,172.7,,169.8,138.1,12.62,10.69,164.2,195.9,92.97,108.6735392498118,174.5,165.8,51.9,35.7,13.5
2008-02-01,208.901,207.854,211.878,174.6,,171.1,137.8,12.69,10.74,164.4,199.5,95.39,113.9659736277583,173.6,167.5,49.0,34.6,17.3
2008-03-01,209.324,208.093,212.537,176.9,,174.5,141.8,12.74,10.75,169.6,217.1,105.45,119.3687963765597,176.0,169.8,52.0,35.7,16.7
2008-04-01,211.127,210.897,213.083,177.8,,174.0,143.7,12.76,10.8,166.7,224.7,112.58,119.7719934098627,175.5,171.2,50.4,31.5,25.6
2008-05-01,212.019,211.8,213.967,180.8,,177.1,145.0,12.77,10.82,169.7,243.2,125.4,121.9963418715471,177.6,174.0,50.8,24.7,27.8
2008-06-01,213.333,213.331,215.015,182.4,,180.4,147.7,12.79,10.85,176.2,254.8,133.88,124.8356832823356,180.0,176.1,64.0,32.2,30.0
2008-07-01,215.434,216.028,216.376,187.0,,182.6,149.7,12.79,10.87,174.3,268.7,133.37,124.2714256633798,181.0,180.3,71.0,44.0,33.2
2008-08-01,216.528,217.449,217.063,187.3,,179.4,150.4,12.83,10.91,164.7,237.9,116.67,114.9259556862832,181.3,180.5,52.9,28.7,27.3
2008-09-01,217.768,218.757,218.225,185.9,,178.0,147.9,12.84,10.92,163.5,230.2,104.11,107.041105217003,181.5,179.2,34.1,27.6,26.1
2008-10-01,218.667,219.532,219.29,182.5,,169.3,146.0,12.8,10.94,145.3,194.5,76.61,94.22147561602362,180.7,176.4,9.3,9.6,9.9
2008-11-01,219.07,219.662,220.043,180.0,,166.9,139.5,12.82,10.9,143.1,162.6,57.31,88.26662670666433,179.8,173.4,-20.2,-4.5,-4.9
2008-12-01,219.073,219.163,220.684,177.7,,162.2,142.3,12.84,10.96,133.9,145.7,41.12,87.58810208944116,177.7,171.1,-28.4,-14.1,-10.3
2009-01-01,219.234,218.953,221.319,176.8,,162.4,142.3,12.86,10.99,136.4,148.5,41.71,89.05441408318887,177.7,170.1,-25.7,-10.1,-7.5
2009-02-01,218.949,217.93,221.968,175.5,,160.4,137.8,12.86,11.0,132.8,143.6,39.09,85.03890378881624,175.0,168.7,-15.1,-14.3,-4.9
2009-03-01,218.51,216.949,222.216,174.4,,158.9,137.0,12.88,11.0,130.6,140.2,47.94,86.41008765878126,173.8,167.6,-34.4,-21.1,-6.0
2009-04-01,218.175,215.807,222.905,175.5,,161.8,138.9,12.89,11.01,136.8,144.8,49.65,92.76789545090496,175.9,168.6,-35.5,-6.1,-3.0
2009-05-01,217.813,215.064,223.023,177.4,,163.4,139.2,12.86,10.99,137.8,152.2,59.03,99.1188078873482,174.0,170.5,-24.4,-3.1,7.3
2009-06-01,217.813,214.953,223.163,177.9,,165.2,139.8,12.92,11.06,142.1,165.0,69.64,97.75380305556888,176.1,171.4,-10.9,0.6,11.5
2009-07-01,217.387,214.047,223.345,176.2,,160.3,138.2,12.97,11.09,131.6,160.7,64.15,93.9450816135171,173.5,169.7,-2.4,9.8,1.9
2009-08-01,217.376,213.769,223.675,175.9,,159.6,140.0,13.0,11.15,130.1,169.6,71.05,92.3167757965131,173.9,169.7,10.8,16.1,14.7
2009-09-01,217.258,213.299,224.003,175.8,,158.3,140.6,13.04,11.25,126.8,164.9,69.41,90.64284506382396,173.9,169.5,18.9,10.7,4.7
2009-10-01,217.452,213.472,224.224,175.3,,160.3,141.2,13.09,11.25,133.2,166.8,75.72,93.40893918001018,175.6,168.3,20.6,12.8,15.0
2009-11-01,217.581,213.383,224.633,176.0,100.3,161.6,142.6,13.16,11.32,135.5,174.7,77.99,96.09101824840648,176.9,169.1,23.0,5.1,10.7
2009-12-01,217.904,213.839,224.789,177.9,101.9,165.0,143.7,13.14,11.31,141.5,173.2,74.47,97.80840323142452,179.8,171.2,30.1,18.3,15.9
2010-01-01,218.489,214.738,224.916,178.9,102.0,166.0,145.6,13.13,11.3,142.5,185.6,78.33,98.53168564270392,180.1,172.2,27.6,13.5,21.6
2010-02-01,218.552,214.728,225.081,179.3,102.3,166.2,145.3,13.09,11.31,142.3,178.9,76.39,98.39622847094496,180.9,172.4,25.7,19.3,21.4
2010-03-01,218.99,215.55,224.991,179.5,104.7,169.2,147.4,13.09,11.31,150.3,183.4,81.2,101.22307165790312,185.6,172.6,32.0,19.5,17.4
2010-04-01,219.209,215.721,225.276,180.4,104.0,169.3,149.0,13.06,11.32,149.1,184.4,84.29,103.827203301952,184.2,173.6,34.5,20.1,22.9
2010-05-01,219.331,215.717,225.573,182.8,104.0,171.2,151.1,13.08,11.33,150.0,184.6,73.74,100.3592026517544,184.1,175.8,35.8,16.4,19.7
2010-06-01,219.285,215.476,225.797,181.1,101.0,167.1,148.7,13.07,11.33,141.6,184.1,75.34,96.372518986149,179.5,174.6,19.2,18.4,22.4
2010-07-01,219.234,215.451,225.71,181.2,102.2,169.0,149.2,13.08,11.32,146.8,186.3,76.32,102.0081245551841,180.5,174.6,21.5,15.5,13.9
2010-08-01,219.48,215.361,226.422,181.8,102.3,170.0,152.4,13.09,11.35,148.4,188.4,76.6,104.4895296561182,180.1,175.3,20.5,9.9,13.1
2010-09-01,220.219,216.166,227.075,183.9,103.5,173.4,153.3,13.09,11.29,154.1,184.5,75.24,109.57945967547768,181.9,177.3,18.1,12.1,14.6
2010-10-01,220.521,216.534,227.287,185.3,104.8,175.5,156.5,13.1,11.31,157.4,187.6,81.89,113.4601152645026,182.1,178.2,32.7,18.3,9.3
2010-11-01,220.946,217.105,227.512,186.4,106.4,177.8,160.6,13.09,11.31,162.1,188.4,84.25,114.6772696104629,183.9,179.4,34.0,31.3,18.4
2010-12-01,221.215,217.419,227.722,186.6,107.6,179.7,162.7,13.1,11.33,166.8,193.6,89.15,121.86142664950512,186.0,179.8,42.7,24.2,21.5
2011-01-01,222.469,219.251,228.181,187.9,108.6,182.9,166.7,13.18,11.35,173.3,198.4,89.17,125.7766977120019,186.9,181.1,48.3,34.6,31.0
2011-02-01,223.504,220.732,228.606,191.3,112.7,191.0,167.7,13.16,11.36,189.8,201.9,88.58,129.504259124236,193.4,184.6,61.6,31.6,32.8
2011-03-01,225.213,223.193,229.282,194.5,111.9,191.4,174.9,13.18,11.39,185.1,214.2,102.86,128.3520168304236,192.9,187.8,59.2,33.5,27.7
2011-04-01,226.072,224.098,230.082,197.1,112.5,195.2,179.2,13.2,11.42,191.1,223.9,109.53,132.6871533257073,193.0,190.8,52.7,36.4,31.6
2011-05-01,226.94,225.295,230.501,197.3,111.3,193.5,177.9,13.25,11.5,186.0,227.6,100.9,129.9607693707578,191.0,191.2,51.2,28.5,24.0
2011-06-01,227.515,225.857,231.097,197.8,111.9,196.2,174.8,13.22,11.48,192.6,224.0,96.26,127.8544064154995,192.4,191.8,35.9,6.8,21.2
2011-07-01,228.482,227.178,231.58,199.4,112.3,195.7,175.8,13.22,11.49,188.4,225.5,97.3,127.02510625354708,193.5,193.4,34.1,17.2,18.0
2011-08-01,229.634,228.492,232.513,201.6,113.5,198.4,174.4,13.2,11.48,192.2,217.4,86.33,126.5058781860391,195.7,195.5,23.5,22.8,10.9
2011-09-01,230.682,229.927,233.032,202.4,114.3,198.3,174.7,13.26,11.5,190.3,219.9,85.52,120.7918140632059,197.0,196.4,30.0,20.5,20.3
2011-10-01,230.899,229.992,233.459,200.3,113.4,194.5,173.6,13.3,11.49,183.5,212.4,86.32,118.0835510789836,195.9,194.4,22.8,27.6,25.4
2011-11-01,231.118,229.947,234.046,200.6,114.4,195.8,173.3,13.31,11.52,186.7,215.1,97.16,118.0813217256208,197.9,194.8,21.8,26.2,25.6
2011-12-01,231.557,230.424,234.435,200.0,113.5,193.5,172.4,13.33,11.54,181.3,210.9,98.56,115.1712637060359,197.2,194.2,25.0,21.1,19.3
2012-01-01,232.213,230.948,235.268,200.7,114.1,195.1,176.3,13.34,11.57,184.7,210.9,100.27,117.8600390783367,197.0,194.9,26.1,21.9,27.8
2012-02-01,232.14,230.612,235.603,200.9,114.0,195.5,171.4,13.34,11.56,185.7,212.1,102.2,120.5759311675692,196.7,194.9,33.7,26.4,30.4
2012-03-01,232.591,231.051,236.073,201.6,114.7,197.7,174.4,13.35,11.6,191.1,219.6,106.16,123.1367800328577,197.3,195.7,17.4,24.8,28.6
2012-04-01,233.044,231.397,236.695,202.3,114.4,196.9,174.5,13.37,11.62,187.0,217.3,103.32,122.2090824784418,197.5,196.0,21.7,25.1,27.1
2012-05-01,233.219,231.32,237.262,202.8,114.2,196.6,173.1,13.33,11.62,185.1,210.4,94.66,116.67220815716908,197.2,196.6,10.0,9.2,24.5
2012-06-01,233.683,231.713,237.839,203.7,114.5,197.1,171.8,13.39,11.64,184.7,205.5,82.3,116.691801438646,198.1,197.1,1.0,16.8,19.0
2012-07-01,233.845,231.658,238.337,205.0,115.8,200.9,170.0,13.4,11.64,193.9,205.1,87.9,123.6539366433329,198.1,198.2,8.1,20.3,15.3
2012-08-01,234.244,231.853,239.057,207.8,117.1,204.5,169.2,13.38,11.64,199.4,214.6,94.13,124.8339160098944,200.0,200.6,16.3,23.9,22.6
2012-09-01,234.404,231.789,239.565,209.3,117.7,205.8,171.6,13.4,11.63,200.2,220.5,94.51,122.2408073008651,200.7,202.1,12.9,24.8,29.8
2012-10-01,234.843,232.398,239.742,209.6,117.7,205.4,171.6,13.37,11.65,198.2,215.9,89.49,121.4775443028022,200.9,202.4,17.4,14.9,27.3
2012-11-01,235.253,232.883,240.038,209.8,118.5,206.0,169.6,13.41,11.68,199.8,207.3,86.53,120.561014439299,203.1,202.6,22.2,10.6,21.8
2012-12-01,235.677,233.374,240.359,208.8,118.0,205.4,169.1,13.39,11.67,200.0,205.6,87.86,120.6477133015564,202.3,201.7,21.1,21.7,30.3
2013-01-01,236.011,233.696,240.713,207.5,119.2,205.4,168.8,13.4,11.67,202.7,207.0,94.76,122.0548143302605,203.4,200.6,13.0,21.8,27.2
2013-02-01,235.992,233.526,240.93,207.6,118.0,203.8,170.9,13.41,11.7,197.5,214.1,95.31,121.4386348634299,201.7,200.6,13.4,23.1,31.2
2013-03-01,236.213,233.58,241.409,208.0,119.0,206.1,173.7,13.43,11.73,203.8,211.2,92.94,121.59888390886212,203.6,200.9,13.3,20.4,25.9
2013-04-01,236.655,233.776,242.236,207.1,117.0,203.0,173.2,13.44,11.74,196.1,211.6,92.02,124.0082521555717,201.8,200.6,11.4,16.8,21.2
2013-05-01,236.454,233.184,242.642,208.7,118.0,206.3,174.1,13.46,11.75,203.0,213.3,94.51,126.64779896192,203.1,201.7,12.4,19.5,21.6
2013-06-01,236.98,233.809,243.016,209.4,117.8,206.8,172.2,13.47,11.76,203.1,214.0,95.77,124.53205512477092,203.2,202.7,16.6,24.1,26.3
2013-07-01,237.184,233.893,243.409,210.6,118.1,206.9,173.3,13.51,11.78,200.7,215.3,104.67,122.5787484833428,203.2,203.2,18.9,24.7,23.9
2013-08-01,237.451,234.073,243.811,208.8,117.3,202.7,173.8,13.53,11.83,191.4,216.8,106.57,119.2500302126969,204.7,202.3,17.8,23.1,24.9
2013-09-01,237.519,234.04,244.036,209.4,117.1,202.0,174.9,13.55,11.84,188.0,216.5,106.29,115.52917148149028,203.7,202.4,22.2,27.2,26.9
2013-10-01,237.75,234.219,244.35,208.1,117.4,200.6,176.0,13.57,11.85,186.3,210.4,100.54,114.8417393126601,204.4,201.0,18.4,34.1,25.3
2013-11-01,237.947,234.144,244.97,207.2,117.5,199.9,175.0,13.6,11.85,186.0,204.4,93.86,115.9475721016977,204.6,200.3,23.5,36.1,24.4
2013-12-01,238.182,234.318,245.3,207.6,117.5,199.8,175.9,13.66,11.89,184.8,206.8,97.63,117.1492337281378,204.2,200.7,17.6,28.1,26.2
2014-01-01,238.492,234.722,245.481,209.3,118.5,202.2,177.0,13.69,11.91,188.6,209.8,94.62,117.824716806439,204.9,201.4,20.1,13.8,27.5
2014-02-01,239.408,235.781,246.187,210.1,119.0,203.6,175.8,13.73,11.93,191.5,216.4,100.82,120.97764430490892,205.9,202.3,16.8,19.9,31.0
2014-03-01,240.447,237.055,246.878,212.9,120.5,209.5,182.1,13.75,11.95,204.1,218.9,100.8,128.0652518701674,208.4,205.9,21.1,20.0,27.4
2014-04-01,241.241,237.942,247.534,218.2,123.3,215.3,180.8,13.76,11.96,211.0,219.6,102.07,130.6191238573538,212.8,210.9,20.7,21.6,29.4
2014-05-01,242.408,239.611,247.952,217.8,122.2,214.4,179.5,13.83,12.01,208.8,219.1,102.18,125.42816310935052,212.2,211.0,26.3,29.7,23.4
2014-06-01,242.646,239.682,248.445,218.7,122.1,213.9,176.6,13.9,12.06,205.5,220.9,105.79,122.5069965908246,213.7,211.8,25.4,30.0,29.9
2014-07-01,243.235,240.154,249.21,219.9,122.1,212.7,178.6,13.93,12.11,199.3,218.6,103.59,119.838592069054,215.1,212.9,30.3,21.7,28.3
2014-08-01,243.792,240.692,249.801,219.8,121.7,210.1,179.8,13.98,12.16,191.3,215.4,96.54,114.2398737875738,215.0,212.9,21.8,27.7,29.1
2014-09-01,244.48,241.328,250.57,220.2,121.8,211.0,180.1,14.03,12.2,193.1,212.2,93.21,112.1218458003928,214.7,212.6,21.6,25.7,29.5
2014-10-01,244.866,241.62,251.1,218.6,122.4,209.4,182.0,14.08,12.24,191.5,199.7,84.4,111.3256103224356,216.3,211.8,25.4,21.2,28.5
2014-11-01,245.394,241.912,251.987,217.0,122.6,209.8,180.9,14.11,12.27,196.1,190.3,75.79,111.1071920811891,215.7,210.0,14.4,18.1,29.3
2014-12-01,246.237,242.893,252.628,215.3,122.6,206.0,182.1,14.13,12.3,187.9,177.2,59.29,109.24047683835012,215.4,208.5,16.7,19.7,24.6
2015-01-01,246.197,242.553,253.037,213.0,121.7,202.2,179.0,14.15,12.31,180.7,158.8,47.22,104.7536719335563,213.1,205.1,11.9,21.2,23.0
2015-02-01,246.495,242.598,253.719,210.3,119.6,197.9,179.2,14.17,12.32,173.2,159.8,50.58,101.52013873579628,210.1,202.5,6.3,22.8,18.7
2015-03-01,246.072,241.633,254.108,209.2,118.6,197.9,178.0,14.22,12.34,175.5,162.6,47.82,99.1131799375414,208.9,201.8,0.8,8.6,21.8
2015-04-01,246.002,241.106,254.727,208.4,117.6,197.5,176.4,14.26,12.35,175.8,160.5,54.45,100.86489381432672,208.0,201.2,0.0,14.6,21.2
2015-05-01,246.239,241.107,255.322,210.5,118.3,199.9,176.6,14.3,12.37,179.0,170.1,59.27,100.78657086205628,210.7,202.6,-14.7,20.4,20.2
2015-06-01,246.937,241.922,255.846,211.6,118.6,201.5,175.5,14.3,12.38,181.6,174.4,59.82,100.1518984960331,212.1,204.6,8.7,12.5,32.0
2015-07-01,247.157,242.25,255.905,211.0,118.3,200.2,175.4,14.31,12.41,178.9,172.1,50.9,100.1936472183001,209.8,203.5,17.1,16.3,26.1
2015-08-01,247.742,242.864,256.449,210.9,118.6,199.9,175.9,14.34,12.43,178.2,166.1,42.87,97.00972120264385,211.2,203.5,3.6,8.0,24.4
2015-09-01,248.492,243.198,257.83,209.0,118.3,196.3,174.7,14.38,12.46,170.7,158.2,45.48,96.29573074161536,210.4,201.4,-2.5,4.7,25.9
2015-10-01,248.755,243.284,258.363,207.3,117.5,193.9,172.9,14.43,12.51,167.1,153.4,46.22,96.80471325275371,208.0,199.5,1.5,8.1,28.0
2015-11-01,248.525,242.606,258.805,205.5,117.4,191.9,172.6,14.46,12.55,164.4,148.4,42.44,92.89132160039546,208.3,198.1,-6.8,9.7,24.7
2015-12-01,248.206,241.88,259.097,202.3,116.4,188.5,172.4,14.52,12.58,160.4,141.9,37.19,92.22042688888868,206.1,195.1,-6.0,13.2,17.4
2016-01-01,248.353,241.558,259.958,201.9,117.1,190.1,173.8,14.59,12.67,166.5,136.4,31.68,92.31315002168738,207.6,193.4,-1.5,11.9,17.2
2016-02-01,248.606,241.741,260.319,202.9,117.0,189.8,171.0,14.63,12.68,163.6,130.9,30.32,93.5330404235176,207.5,194.3,-3.2,5.3,17.2
2016-03-01,248.029,240.414,260.883,202.7,115.5,189.2,170.4,14.67,12.72,161.9,134.1,37.55,96.9693251522492,204.8,194.1,-2.3,12.6,20.3
2016-04-01,248.235,240.341,261.517,203.4,115.1,188.7,172.7,14.74,12.76,158.9,137.7,40.75,100.0627178947998,204.5,194.8,10.4,23.1,22.8
2016-05-01,247.856,239.348,262.074,204.4,115.2,190.6,173.3,14.79,12.77,162.7,144.3,46.71,101.5185095380816,205.2,195.7,12.3,14.0,19.9
2016-06-01,247.683,238.763,262.529,206.2,115.8,193.1,172.3,14.86,12.84,166.7,152.1,48.76,103.54367766221472,205.9,197.5,19.4,18.4,22.9
2016-07-01,247.658,238.38,263.051,205.8,115.3,190.9,177.6,14.92,12.92,160.8,153.8,44.65,103.90380867141512,205.5,197.3,12.4,23.0,20.1
2016-08-01,247.746,238.133,263.649,204.4,113.9,187.4,180.0,14.98,12.94,152.9,150.8,44.72,102.0974352318642,203.4,196.2,20.4,12.7,17.9
2016-09-01,247.772,237.88,264.102,204.3,114.8,186.2,180.8,15.02,12.96,149.2,153.4,45.18,101.68815313383648,204.7,196.1,21.7,31.8,22.7
2016-10-01,247.812,237.714,264.459,202.5,113.8,182.3,179.6,15.08,13.01,140.7,154.0,49.78,100.7253932902534,202.5,194.6,13.8,27.4,20.7
2016-11-01,247.741,237.438,264.699,200.9,113.4,183.4,182.2,15.12,13.05,147.6,149.4,45.66,101.2929575328935,201.3,193.4,28.1,29.3,29.6
2016-12-01,247.725,237.147,265.104,202.3,114.3,186.1,179.3,15.16,13.01,153.1,154.3,51.97,102.3518314471865,202.7,194.5,33.2,28.5,33.9
2017-01-01,248.065,237.072,266.079,202.6,114.7,187.2,177.0,15.22,13.13,156.1,161.2,52.5,106.4899475658004,202.5,195.2,32.2,27.9,34.3
2017-02-01,248.735,237.824,266.626,203.2,115.5,189.0,178.2,15.28,13.2,160.3,161.1,53.47,107.0678214940277,203.7,195.5,29.2,25.8,25.8
2017-03-01,249.244,238.387,267.055,204.7,116.3,190.8,177.9,15.36,13.26,162.8,157.1,49.33,103.3655671898721,205.8,196.7,38.1,36.0,26.7
2017-04-01,249.589,238.568,267.652,205.1,117.6,192.0,178.5,15.4,13.31,165.5,160.9,51.06,102.76256031684848,209.4,197.2,27.7,30.3,24.6
2017-05-01,249.972,238.893,268.128,206.4,116.3,193.4,180.2,15.5,13.37,167.3,159.7,48.48,105.1441709352452,208.3,198.9,21.9,24.8,28.2
2017-06-01,249.77,238.494,268.225,208.8,116.7,195.1,182.1,15.47,13.4,167.6,161.2,45.18,104.5059084757809,209.9,201.3,22.0,30.5,26.5
2017-07-01,250.185,238.904,268.649,207.7,117.2,195.0,181.9,15.49,13.41,169.4,161.7,46.63,106.7830778310566,208.5,200.3,19.5,31.4,24.7
2017-08-01,250.469,238.804,269.522,207.5,116.4,191.3,182.2,15.54,13.42,158.2,164.3,48.04,102.07237601850548,208.0,200.3,24.2,36.5,25.1
2017-09-01,250.826,238.852,270.353,205.8,116.6,189.5,185.4,15.59,13.45,156.1,169.2,49.82,100.8232667221638,207.6,198.5,36.6,32.0,28.9
2017-10-01,251.048,239.02,270.658,205.1,116.8,189.0,184.6,15.57,13.47,156.3,167.2,51.58,101.63345633492652,207.6,198.0,44.9,41.1,27.3
2017-11-01,251.195,238.94,271.152,204.3,117.0,190.2,182.7,15.63,13.51,161.6,169.6,56.64,102.2308417400154,207.7,196.9,40.0,43.3,28.3
2017-12-01,251.716,239.371,271.811,203.9,116.8,189.6,181.0,15.71,13.64,160.5,170.9,57.88,102.2859767316964,207.1,196.6,31.9,39.2,39.3
2018-01-01,252.377,239.854,272.772,204.5,116.7,190.0,182.3,15.76,13.61,160.6,174.4,63.7,105.7220064534545,206.6,196.6,33.2,44.1,38.1
2018-02-01,252.264,239.187,273.435,205.1,116.0,191.0,184.4,15.74,13.63,162.3,177.2,62.23,105.9368738450202,204.9,197.2,44.0,50.7,31.1
2018-03-01,252.365,239.149,273.733,207.4,118.2,194.7,182.7,15.84,13.68,169.1,172.0,62.73,106.83196693108,209.2,198.9,39.7,47.4,38.8
2018-04-01,252.867,239.541,274.393,207.7,116.5,193.2,182.2,15.88,13.75,163.7,176.0,66.25,106.7237112575362,206.7,199.4,48.9,48.7,30.6
2018-05-01,252.864,238.884,275.307,208.6,117.0,195.2,182.9,15.87,13.79,167.9,184.5,69.98,108.4220299551973,208.3,201.1,46.9,33.4,32.0
2018-06-01,253.167,239.048,275.808,207.8,115.6,194.1,178.0,15.93,13.84,166.2,188.0,67.87,104.0650089103941,206.9,200.2,49.2,57.8,32.5
2018-07-01,253.598,239.565,276.125,206.5,115.8,191.4,175.3,16.0,13.89,161.0,189.4,70.98,101.28563450020252,206.9,198.8,60.4,52.8,32.1
2018-08-01,253.949,239.795,276.648,205.5,115.3,188.1,176.2,16.04,13.93,152.7,187.3,68.06,97.40408525679617,205.9,197.7,58.6,57.1,35.9
2018-09-01,254.302,239.967,277.258,204.9,115.3,186.7,179.7,16.07,13.98,149.7,188.4,70.23,98.60364380576942,205.5,197.1,43.0,42.0,31.1
2018-10-01,254.17,239.558,277.513,205.2,116.2,188.1,183.1,16.14,14.03,153.4,190.0,70.75,100.4546155870996,206.4,197.4,46.5,53.8,31.3
2018-11-01,254.887,240.227,278.306,204.8,117.6,189.3,180.1,16.21,14.12,158.0,179.4,56.96,95.85985531860555,208.7,197.2,43.6,59.6,30.5
2018-12-01,255.877,241.137,279.419,205.6,120.1,192.5,180.3,16.29,14.22,165.9,172.7,49.52,98.66804087479414,212.9,198.0,43.7,45.3,25.3
2019-01-01,256.533,241.581,280.38,206.2,118.2,191.5,179.6,16.28,14.25,161.7,163.9,51.38,100.4632197365997,209.6,198.3,30.9,32.8,26.2
2019-02-01,257.253,242.111,281.373,206.7,117.9,191.4,179.6,16.4,14.29,160.6,164.6,54.95,98.81698203582928,208.9,198.8,19.3,32.3,27.3
2019-03-01,257.681,242.482,281.887,207.5,118.1,191.9,179.0,16.43,14.3,160.4,170.8,58.15,98.09343406225771,210.5,199.4,15.8,29.8,30.2
2019-04-01,257.325,241.219,282.798,209.1,117.6,193.9,184.1,16.47,14.34,162.9,175.4,63.86,101.5476432175933,210.3,201.1,15.5,27.1,26.9
2019-05-01,257.818,241.642,283.394,209.6,117.6,193.7,182.6,16.51,14.42,161.5,175.6,60.83,98.11362680710762,211.1,202.0,17.7,34.9,22.7
2019-06-01,257.952,241.214,284.316,209.7,118.3,195.1,179.9,16.55,14.44,165.8,169.9,54.66,100.1707363962981,212.3,202.2,11.6,28.2,24.0
2019-07-01,258.059,240.988,284.891,209.5,118.9,194.5,179.1,16.6,14.48,164.2,172.3,57.35,100.30345667308012,211.5,202.0,17.7,36.9,20.4
2019-08-01,258.288,240.943,285.507,209.5,118.1,192.2,178.2,16.6,14.54,156.8,168.9,54.81,98.2240537842044,210.8,202.2,16.9,25.9,20.8
2019-09-01,258.865,241.409,286.246,209.9,118.6,190.7,176.8,16.67,14.62,151.5,167.6,56.95,96.03747204475584,211.0,202.2,34.3,32.9,19.9
2019-10-01,259.434,241.999,286.791,209.7,120.1,193.7,176.3,16.68,14.67,161.1,164.8,53.96,96.31493345349588,212.3,201.8,21.2,33.5,20.6
2019-11-01,260.048,242.726,287.255,211.1,121.7,196.1,175.6,16.75,14.79,165.6,165.4,57.03,100.3165844605618,215.5,203.2,11.7,38.2,23.0
2019-12-01,260.483,242.887,288.078,211.1,121.6,196.3,177.7,16.76,14.81,166.3,165.2,59.88,103.997578512338,215.1,203.0,25.2,45.6,27.6
2020-01-01,261.293,243.511,289.137,210.7,121.0,197.1,178.6,16.84,14.9,169.5,163.6,57.52,105.43514095696348,214.8,202.4,21.1,31.5,31.4
2020-02-01,261.962,244.2,289.781,209.4,119.5,193.3,180.7,16.92,14.97,160.8,154.9,50.54,101.1733993058076,211.1,200.9,11.4,39.7,27.6
2020-03-01,262.622,245.017,290.216,209.3,119.2,192.2,178.9,16.95,14.64,157.5,140.2,29.21,97.21746677497464,211.6,201.0,-1.9,19.0,-14.4
2020-04-01,266.37,251.063,290.639,210.0,118.5,187.1,176.1,18.02,14.65,140.4,116.1,16.55,92.9492815914728,212.0,201.7,-16.1,15.3,-14.8
2020-05-01,268.086,253.23,291.709,224.1,125.4,199.4,179.2,17.43,14.56,148.8,122.2,28.56,96.54683926611946,225.0,216.3,-2.5,11.6,1.6
2020-06-01,269.553,254.674,293.219,212.7,119.3,192.5,178.6,17.02,14.52,151.4,137.3,38.31,99.74305482745577,215.0,204.4,8.7,30.7,11.6
2020-07-01,268.532,252.003,294.599,210.2,119.0,190.8,176.9,16.89,14.52,151.4,144.4,40.71,97.5538266867688,212.3,202.1,18.5,28.2,6.9
2020-08-01,268.957,252.148,295.437,209.6,118.4,189.7,178.0,17.01,14.68,149.0,147.5,42.34,98.58802494812169,211.7,201.5,17.6,27.6,15.1
2020-09-01,269.043,251.166,297.08,210.0,120.2,192.5,180.0,17.06,14.79,157.0,147.7,39.63,100.0271493842278,213.3,201.8,29.7,41.1,15.1
2020-10-01,269.653,251.641,297.893,211.8,121.7,197.9,179.9,17.06,14.76,169.9,146.4,39.4,105.2436970487387,216.8,203.2,33.5,45.2,20.0
2020-11-01,269.636,251.365,298.253,213.8,121.6,200.3,175.9,16.99,14.69,173.0,151.0,40.94,108.6870712063189,215.6,205.0,41.4,40.1,20.6
2020-12-01,270.781,252.536,299.369,212.8,121.1,197.4,176.2,17.08,14.7,166.3,157.0,47.02,109.8584762394019,212.4,204.6,37.3,36.3,28.0
2021-01-01,271.195,252.541,300.382,213.4,122.6,201.9,179.4,17.2,14.85,178.8,163.1,52.0,116.9408021255094,213.8,205.0,45.6,33.3,24.1
2021-02-01,271.425,252.822,300.54,217.1,124.7,205.6,181.8,17.46,15.06,182.5,179.0,59.04,119.7434111081015,216.3,208.6,50.2,43.9,23.6
2021-03-01,271.636,252.933,300.897,219.8,125.1,208.0,185.7,17.54,15.21,184.3,185.5,62.33,122.5137284139834,217.4,211.8,65.7,44.6,31.5
2021-04-01,272.715,254.125,301.819,225.2,126.8,214.4,190.1,17.81,15.6,192.8,181.4,61.72,129.9991022750266,221.1,217.7,61.9,61.9,33.1
2021-05-01,273.932,255.043,303.481,231.1,130.9,224.5,189.7,18.11,15.75,211.7,191.9,65.17,136.3280273858087,226.1,223.9,70.9,54.3,35.8
2021-06-01,275.997,257.058,305.634,235.6,132.0,226.0,193.2,18.41,16.14,207.0,198.7,71.38,128.9730422098388,230.6,228.9,79.4,69.6,41.1
2021-07-01,277.813,258.491,308.023,232.37,131.115,222.044,194.4,18.56,16.39,201.463,208.007,72.49,129.4589279402782,227.059,225.335,72.0,59.9,38.3
2021-08-01,279.01,259.613,309.336,236.411,133.643,225.233,195.6,18.78,16.57,202.896,207.026,67.73,131.9303102322862,231.623,229.188,73.4,67.4,34.1
2021-09-01,281.366,262.459,310.996,239.343,135.925,225.576,198.4,18.97,16.76,197.868,212.739,71.65,128.0147609340036,236.751,231.889,72.5,60.8,34.4
2021-10-01,283.972,265.084,313.592,237.612,135.111,224.262,200.0,19.24,16.96,197.416,227.183,81.48,129.481662254511,236.293,229.355,76.1,63.4,39.1
2021-11-01,286.151,267.473,315.481,237.801,136.069,227.218,199.8,19.34,17.01,206.125,229.943,79.15,131.6374726651991,239.109,229.493,84.0,61.4,46.8
2021-12-01,287.812,268.985,317.372,237.908,137.06,229.693,200.4,19.44,17.12,213.525,216.915,71.71,135.3548945187305,238.463,229.617,75.1,55.7,43.2
2022-01-01,290.077,271.176,319.471,241.889,139.046,234.552,207.0,19.46,17.06,220.224,226.762,83.22,141.8303264406261,241.648,234.274,70.9,59.7,45.1
2022-02-01,292.899,274.728,320.88,246.227,142.129,240.942,210.3,19.53,17.26,230.899,244.941,91.64,148.6749698191212,245.618,238.775,63.7,55.7,44.7
2022-03-01,295.546,278.333,321.689,250.367,145.325,250.033,210.9,19.67,17.47,250.299,261.558,108.5,160.9904155156697,250.917,242.416,73.5,66.4,49.5
2022-04-01,298.339,281.593,323.559,256.578,147.572,257.982,212.7,19.84,17.63,261.884,270.959,101.78,165.8295470752451,255.798,249.122,77.0,60.7,41.9
2022-05-01,301.755,285.522,325.952,259.935,149.004,260.872,211.5,20.04,17.71,263.817,296.372,109.55,162.4972107635773,258.928,253.635,72.7,54.6,40.7
2022-06-01,304.834,288.568,329.033,261.688,148.853,261.272,210.1,20.07,17.79,261.408,326.021,114.84,156.1498654165962,259.227,256.04,63.2,48.8,37.5
2022-07-01,308.193,292.455,331.342,261.656,150.779,258.882,208.5,20.21,17.9,254.119,295.257,101.62,144.3152394046794,263.315,256.595,54.7,37.9,37.3
2022-08-01,310.794,294.884,334.212,262.307,150.518,256.991,205.3,20.33,18.03,246.943,286.905,93.67,140.3007789168621,263.021,256.454,45.9,42.2,36.3
2022-09-01,312.901,296.403,337.369,262.053,152.083,256.964,206.1,20.43,18.11,247.386,283.92,84.26,135.47644370935527,265.648,255.916,34.6,37.9,37.1
2022-10-01,315.038,297.966,340.532,260.317,152.504,256.406,204.1,20.51,18.19,249.274,275.243,87.55,138.2686426016124,267.778,254.032,41.7,27.9,41.5
2022-11-01,316.62,299.449,342.266,262.159,155.736,261.595,207.8,20.62,18.25,261.427,263.359,84.37,138.1195563852368,277.374,256.049,39.8,18.2,35.4
2022-12-01,317.813,300.576,343.559,260.136,156.2,260.0,209.0,20.79,18.33,260.716,242.782,76.44,136.3774502061813,274.664,254.159,36.4,33.4,37.7
2023-01-01,319.3,301.676,345.677,262.314,154.731,256.677,211.8,20.8,18.3,246.265,250.787,78.12,138.3264271470063,271.103,255.188,25.8,20.5,34.8
2023-02-01,320.543,302.444,347.869,259.661,151.396,253.536,214.6,20.83,18.31,242.129,244.528,76.83,142.7000975212871,263.771,252.191,25.7,21.9,31.0
2023-03-01,320.554,301.467,349.944,261.284,151.683,254.403,212.4,20.87,18.42,241.473,236.186,73.28,146.1852108257298,266.25,254.266,23.7,12.2,23.6
2023-04-01,321.213,301.811,351.237,260.061,151.261,254.884,211.0,20.99,18.48,245.397,233.742,79.45,146.104879523862,266.038,253.399,9.8,13.1,27.2
2023-05-01,322.009,302.184,352.892,260.651,149.947,250.855,209.2,21.08,18.62,232.02,222.929,71.58,138.6897152003817,264.268,253.938,12.7,24.2,25.8
2023-06-01,322.365,302.057,354.245,259.859,149.591,251.556,208.9,21.23,18.75,235.74,225.588,70.25,136.0259905366701,265.517,253.425,12.0,19.6,24.4
2023-07-01,323.201,302.984,354.862,259.429,149.726,249.033,213.3,21.28,18.84,228.98,230.074,76.07,136.6055315471229,264.197,253.273,12.8,23.9,25.8
2023-08-01,324.042,303.631,356.083,260.617,149.522,247.522,214.6,21.3,18.88,222.013,248.819,81.39,131.3181950166492,264.496,254.485,18.6,38.4,28.2
2023-09-01,324.379,303.449,357.488,261.778,149.609,246.946,213.9,21.36,18.91,217.925,254.484,89.43,131.1370532994434,264.911,255.774,19.9,33.2,26.6
2023-10-01,325.442,304.366,358.824,261.355,149.554,244.54,213.0,21.47,19.08,211.503,240.084,85.64,132.4185873387106,264.24,255.302,19.5,45.4,23.2
2023-11-01,325.93,304.332,360.383,259.459,149.818,245.267,215.1,21.54,19.21,217.533,230.136,77.69,135.7428827868772,265.902,252.883,15.5,28.6,31.2
2023-12-01,326.434,304.505,361.564,259.991,150.145,244.106,214.6,21.58,19.2,212.946,217.245,71.9,133.8792828367919,265.188,253.713,25.4,26.0,28.1
2024-01-01,327.424,305.187,363.249,258.563,150.138,242.917,217.7,21.67,19.2,212.237,220.831,74.15,135.5986842930645,266.406,251.917,14.9,19.2,25.0
2024-02-01,327.707,305.432,363.596,259.8,151.803,246.16,218.2,21.75,19.27,219.543,230.889,77.25,134.3899759159187,270.705,253.277,17.6,30.8,21.8
2024-03-01,327.774,305.01,364.546,261.938,152.111,248.764,222.0,21.79,19.32,223.099,230.625,81.28,135.6505437303088,271.952,255.445,6.5,40.2,24.4
2024-04-01,328.449,305.354,365.813,262.992,151.597,249.726,222.8,21.85,19.41,223.88,235.745,85.35,137.8600137883806,271.768,256.523,22.4,33.8,26.3
2024-05-01,328.949,305.414,367.099,263.673,151.474,251.289,219.5,21.92,19.46,227.229,225.604,80.02,137.781097869271,270.74,257.218,18.5,33.7,16.3
2024-06-01,329.6,305.582,368.616,265.221,151.966,252.116,221.9,21.98,19.53,226.603,227.67,79.77,130.2988701465477,273.078,259.031,21.8,57.5,13.5
2024-07-01,330.329,306.285,369.383,266.343,152.249,251.913,226.4,22.07,19.57,223.722,233.455,81.8,128.7602330347068,273.281,260.379,19.1,40.8,19.0
2024-08-01,330.748,306.399,370.348,265.932,153.161,249.792,225.9,22.14,19.62,218.139,227.004,76.68,128.2701707874827,276.049,260.139,21.2,14.8,17.9
2024-09-01,331.753,307.258,371.604,267.145,153.824,250.787,226.6,22.18,19.66,218.698,214.634,70.24,130.6946580779775,277.392,261.715,30.3,33.3,14.2
2024-10-01,332.463,307.867,372.486,266.221,153.354,249.004,225.2,22.25,19.66,215.173,216.314,71.99,132.7352691558594,274.832,260.666,28.0,43.7,26.6
2024-11-01,333.629,309.093,373.53,267.888,156.701,255.289,228.7,22.34,19.74,230.808,211.36,69.95,133.4019058148996,283.751,262.171,28.1,46.9,25.4
2024-12-01,334.464,309.767,374.644,267.755,157.024,256.24,235.5,22.42,19.83,233.953,212.198,70.12,132.2044684294249,282.05,262.049,31.5,55.5,29.2
2025-01-01,335.441,310.817,375.532,268.831,158.245,258.819,236.0,22.5,19.91,239.58,223.307,75.74,135.6310843288878,284.049,263.053,34.6,52.2,24.0
2025-02-01,336.065,310.955,376.991,270.797,160.709,264.697,236.1,22.58,19.97,253.382,224.582,71.53,132.0189243364779,288.71,265.896,41.0,47.8,22.5
2025-03-01,337.331,312.154,378.363,270.878,157.504,260.696,235.8,22.73,20.0,241.119,219.177,68.24,128.9754257351141,283.611,265.962,46.9,45.4,20.4
2025-04-01,337.493,311.44,380.039,271.936,155.904,259.463,235.5,22.69,20.04,235.254,216.901,63.54,129.2128978912375,280.517,267.109,50.4,66.8,26.4
2025-05-01,338.474,312.296,381.228,273.336,156.151,260.924,233.8,22.68,20.08,236.843,214.274,62.17,126.1970641809254,281.069,268.649,58.1,50.6,23.6
2025-06-01,339.468,312.982,382.75,274.942,156.448,262.434,230.7,22.74,20.13,238.165,220.617,68.17,124.8388640039946,282.233,270.291,39.2,53.4,16.6
2025-07-01,339.891,313.035,383.808,275.335,158.395,263.432,230.3,22.81,20.19,240.39,225.536,68.39,125.771132381294,285.882,270.832,56.0,57.8,20.6
2025-08-01,341.32,314.647,384.909,277.133,158.31,263.419,223.8,22.92,20.27,236.718,222.341,64.86,124.078165925061,284.648,272.792,64.3,50.7,21.7
2025-09-01,342.086,315.54,385.451,279.089,159.589,263.542,222.5,23.0,20.34,233.138,221.346,63.96,126.6572419831769,286.618,274.551,47.9,63.5,26.9
2025-10-01,,,,275.226,158.977,261.057,225.7,23.01,20.45,233.428,213.687,60.89,122.6809208779363,285.333,269.912,51.3,46.4,22.4
2025-11-01,342.386,315.0,387.202,274.436,159.099,260.644,224.2,23.17,20.61,233.774,217.536,60.06,122.37555701300272,287.211,269.216,58.9,56.3,26.8
2025-12-01,344.632,316.982,389.889,273.059,158.801,258.728,225.1,23.25,20.67,230.764,211.917,57.97,126.4738780948182,284.275,267.564,49.3,57.2,24.6
2026-01-01,345.271,317.589,390.471,273.433,156.729,256.406,225.8,23.3,20.72,222.985,216.43,60.04,129.9574160451563,279.91,267.475,46.9,61.8,27.0
2026-02-01,346.622,318.985,391.706,273.987,160.303,263.791,226.4,23.4,20.81,244.198,230.704,64.51,132.0345475854132,286.288,268.096,38.9,50.1,16.6
2026-03-01,346.603,318.462,392.652,275.535,159.375,264.263,228.9,23.47,20.85,242.498,254.006,91.38,136.5397773930803,285.214,270.002,44.7,38.4,22.4
2026-04-01,348.349,320.633,393.546,277.76,159.769,265.81,229.8,23.52,20.92,242.683,273.472,100.32,139.2869878440909,286.097,272.165,59.3,50.2,29.8
2026-05-01,348.892,320.836,394.728,278.436,160.647,268.807,229.2,23.58,21.03,250.378,295.373,102.13,136.0883364987344,287.341,273.557,47.9,60.5,22.0
2026-06-01,349.609,321.446,395.633,279.422,159.714,267.727,228.8,23.62,21.06,245.122,277.775,84.81,131.1725708555344,287.02,274.942,53.2,67.2,24.2
2026-07-01,,,,,,,,,,,,,,,,53.9,41.4,25.2
